sample_id,cluster_label,cluster_id,cluster
A02_BCH1_1NeuNP_H200.1025_MTG_layer_1,e1_e299_SLC17A7_L5b.Cdh13,12,12. e1_e299_SLC17A7_L5b.Cdh13
A04_BCH1_1NeuNP_H200.1025_MTG_layer_1,e1_e299_SLC17A7_L5b.Cdh13,12,12. e1_e299_SLC17A7_L5b.Cdh13
A05_1_Nuclei_NeuNP_H200_1025_MTG_layer1_BCH9,e1_e299_SLC17A7_L5b.Cdh13,12,12. e1_e299_SLC17A7_L5b.Cdh13
A05_BCH1_1NeuNP_H200.1025_MTG_layer_1,e1_e299_SLC17A7_L5b.Cdh13,12,12. e1_e299_SLC17A7_L5b.Cdh13
A05_BCH3_1NeuNP_H200.1030_MTG_Layer_1,e1_e299_SLC17A7_L5b.Cdh13,12,12. e1_e299_SLC17A7_L5b.Cdh13
A07_1_Nuclei_NeuNP_H200_1025_MTG_layer1_BCH9,e1_e299_SLC17A7_L5b.Cdh13,12,12. e1_e299_SLC17A7_L5b.Cdh13
A07_BCH1_1NeuNP_H200.1025_MTG_layer_1,e1_e299_SLC17A7_L5b.Cdh13,12,12. e1_e299_SLC17A7_L5b.Cdh13
A08_BCH3_1NeuNP_H200.1030_MTG_Layer_1,e1_e299_SLC17A7_L5b.Cdh13,12,12. e1_e299_SLC17A7_L5b.Cdh13
A10_1_Nuclei_NeuNP_H200_1025_MTG_layer1_BCH9,e1_e299_SLC17A7_L5b.Cdh13,12,12. e1_e299_SLC17A7_L5b.Cdh13
A13_1_Nuclei_NeuNP_H200_1030_MTG_layer1_BCH6,e1_e299_SLC17A7_L5b.Cdh13,12,12. e1_e299_SLC17A7_L5b.Cdh13
A14_BCH1_1NeuNP_H200.1030_MTG_layer_1,e1_e299_SLC17A7_L5b.Cdh13,12,12. e1_e299_SLC17A7_L5b.Cdh13
A15_1_Nuclei_NeuNP_H200_1030_MTG_layer1_BCH6,e1_e299_SLC17A7_L5b.Cdh13,12,12. e1_e299_SLC17A7_L5b.Cdh13
A16_1_Nuclei_NeuNP_H200_1030_MTG_layer1_BCH5,e1_e299_SLC17A7_L5b.Cdh13,12,12. e1_e299_SLC17A7_L5b.Cdh13
A16_1_Nuclei_NeuNP_H200_1030_MTG_layer1_BCH7,e1_e299_SLC17A7_L5b.Cdh13,12,12. e1_e299_SLC17A7_L5b.Cdh13
A16_BCH1_1NeuNP_H200.1030_MTG_layer_1,e1_e299_SLC17A7_L5b.Cdh13,12,12. e1_e299_SLC17A7_L5b.Cdh13
A18_1_Nuclei_NeuNP_H200_1030_MTG_layer1_BCH5,e1_e299_SLC17A7_L5b.Cdh13,12,12. e1_e299_SLC17A7_L5b.Cdh13
A18_1_Nuclei_NeuNP_H200_1030_MTG_layer1_BCH7,e1_e299_SLC17A7_L5b.Cdh13,12,12. e1_e299_SLC17A7_L5b.Cdh13
A18_BCH1_1NeuNP_H200.1030_MTG_layer_1,e1_e299_SLC17A7_L5b.Cdh13,12,12. e1_e299_SLC17A7_L5b.Cdh13
A19_1_Nuclei_NeuNP_H200_1030_MTG_layer1_BCH6,e1_e299_SLC17A7_L5b.Cdh13,12,12. e1_e299_SLC17A7_L5b.Cdh13
A19_BCH3_1NeuNP_H200.1025_MTG_Layer_1,e1_e299_SLC17A7_L5b.Cdh13,12,12. e1_e299_SLC17A7_L5b.Cdh13
A20_1_Nuclei_NeuNP_H200_1030_MTG_layer1_BCH5,e1_e299_SLC17A7_L5b.Cdh13,12,12. e1_e299_SLC17A7_L5b.Cdh13
A20_1_Nuclei_NeuNP_H200_1030_MTG_layer1_BCH6,e1_e299_SLC17A7_L5b.Cdh13,12,12. e1_e299_SLC17A7_L5b.Cdh13
A20_BCH1_1NeuNP_H200.1030_MTG_layer_1,e1_e299_SLC17A7_L5b.Cdh13,12,12. e1_e299_SLC17A7_L5b.Cdh13
A20_BCH3_1NeuNP_H200.1025_MTG_Layer_1,e1_e299_SLC17A7_L5b.Cdh13,12,12. e1_e299_SLC17A7_L5b.Cdh13
A21_1_Nuclei_NeuNP_H200_1030_MTG_layer1_BCH5,e1_e299_SLC17A7_L5b.Cdh13,12,12. e1_e299_SLC17A7_L5b.Cdh13
A21_BCH1_1NeuNP_H200.1030_MTG_layer_1,e1_e299_SLC17A7_L5b.Cdh13,12,12. e1_e299_SLC17A7_L5b.Cdh13
A21_BCH3_1NeuNP_H200.1025_MTG_Layer_1,e1_e299_SLC17A7_L5b.Cdh13,12,12. e1_e299_SLC17A7_L5b.Cdh13
A22_1_Nuclei_NeuNP_H200_1030_MTG_layer1_BCH5,e1_e299_SLC17A7_L5b.Cdh13,12,12. e1_e299_SLC17A7_L5b.Cdh13
A22_1_Nuclei_NeuNP_H200_1030_MTG_layer1_BCH7,e1_e299_SLC17A7_L5b.Cdh13,12,12. e1_e299_SLC17A7_L5b.Cdh13
A23_1_Nuclei_NeuNP_H200_1030_MTG_layer1_BCH6,e1_e299_SLC17A7_L5b.Cdh13,12,12. e1_e299_SLC17A7_L5b.Cdh13
A23_1_Nuclei_NeuNP_H200_1030_MTG_layer1_BCH7,e1_e299_SLC17A7_L5b.Cdh13,12,12. e1_e299_SLC17A7_L5b.Cdh13
B01_1_Nuclei_NeuNP_H200_1025_MTG_layer1_BCH6,e1_e299_SLC17A7_L5b.Cdh13,12,12. e1_e299_SLC17A7_L5b.Cdh13
B02_1_Nuclei_NeuNP_H200_1025_MTG_layer1_BCH6,e1_e299_SLC17A7_L5b.Cdh13,12,12. e1_e299_SLC17A7_L5b.Cdh13
B02_1_Nuclei_NeuNP_H200_1025_MTG_layer1_BCH9,e1_e299_SLC17A7_L5b.Cdh13,12,12. e1_e299_SLC17A7_L5b.Cdh13
B02_BCH1_1NeuNP_H200.1025_MTG_layer_1,e1_e299_SLC17A7_L5b.Cdh13,12,12. e1_e299_SLC17A7_L5b.Cdh13
B03_BCH1_1NeuNP_H200.1025_MTG_layer_1,e1_e299_SLC17A7_L5b.Cdh13,12,12. e1_e299_SLC17A7_L5b.Cdh13
B04_1_Nuclei_NeuNP_H200_1025_MTG_layer1_BCH7,e1_e299_SLC17A7_L5b.Cdh13,12,12. e1_e299_SLC17A7_L5b.Cdh13
B05_1_Nuclei_NeuNP_H200_1030_MTG_layer1_BCH8,e1_e299_SLC17A7_L5b.Cdh13,12,12. e1_e299_SLC17A7_L5b.Cdh13
B06_1_Nuclei_NeuNP_H200_1030_MTG_layer1_BCH8,e1_e299_SLC17A7_L5b.Cdh13,12,12. e1_e299_SLC17A7_L5b.Cdh13
B07_1_Nuclei_NeuNP_H200_1025_MTG_layer1_BCH7,e1_e299_SLC17A7_L5b.Cdh13,12,12. e1_e299_SLC17A7_L5b.Cdh13
B07_1_Nuclei_NeuNP_H200_1030_MTG_layer1_BCH8,e1_e299_SLC17A7_L5b.Cdh13,12,12. e1_e299_SLC17A7_L5b.Cdh13
B08_BCH1_1NeuNP_H200.1025_MTG_layer_1,e1_e299_SLC17A7_L5b.Cdh13,12,12. e1_e299_SLC17A7_L5b.Cdh13
B09_1_Nuclei_NeuNP_H200_1030_MTG_layer1_BCH8,e1_e299_SLC17A7_L5b.Cdh13,12,12. e1_e299_SLC17A7_L5b.Cdh13
B09_BCH1_1NeuNP_H200.1025_MTG_layer_1,e1_e299_SLC17A7_L5b.Cdh13,12,12. e1_e299_SLC17A7_L5b.Cdh13
B11_1_Nuclei_NeuNP_H200_1025_MTG_layer1_BCH9,e1_e299_SLC17A7_L5b.Cdh13,12,12. e1_e299_SLC17A7_L5b.Cdh13
C05_1_Nuclei_NeuNP_H200_1025_MTG_layer1_BCH9,e1_e299_SLC17A7_L5b.Cdh13,12,12. e1_e299_SLC17A7_L5b.Cdh13
C06_1_Nuclei_NeuNP_H200_1025_MTG_layer1_BCH9,e1_e299_SLC17A7_L5b.Cdh13,12,12. e1_e299_SLC17A7_L5b.Cdh13
C13_1_Nuclei_NeuNP_H200_1030_MTG_layer1_BCH7,e1_e299_SLC17A7_L5b.Cdh13,12,12. e1_e299_SLC17A7_L5b.Cdh13
C13_BCH1_1NeuNP_H200.1030_MTG_layer_1,e1_e299_SLC17A7_L5b.Cdh13,12,12. e1_e299_SLC17A7_L5b.Cdh13
C14_1_Nuclei_NeuNP_H200_1030_MTG_layer1_BCH5,e1_e299_SLC17A7_L5b.Cdh13,12,12. e1_e299_SLC17A7_L5b.Cdh13
C14_1_Nuclei_NeuNP_H200_1030_MTG_layer1_BCH7,e1_e299_SLC17A7_L5b.Cdh13,12,12. e1_e299_SLC17A7_L5b.Cdh13
C14_BCH1_1NeuNP_H200.1030_MTG_layer_1,e1_e299_SLC17A7_L5b.Cdh13,12,12. e1_e299_SLC17A7_L5b.Cdh13
C15_BCH1_1NeuNP_H200.1030_MTG_layer_1,e1_e299_SLC17A7_L5b.Cdh13,12,12. e1_e299_SLC17A7_L5b.Cdh13
C16_1_Nuclei_NeuNP_H200_1030_MTG_layer1_BCH5,e1_e299_SLC17A7_L5b.Cdh13,12,12. e1_e299_SLC17A7_L5b.Cdh13
C16_BCH1_1NeuNP_H200.1030_MTG_layer_1,e1_e299_SLC17A7_L5b.Cdh13,12,12. e1_e299_SLC17A7_L5b.Cdh13
C18_1_Nuclei_NeuNP_H200_1030_MTG_layer1_BCH5,e1_e299_SLC17A7_L5b.Cdh13,12,12. e1_e299_SLC17A7_L5b.Cdh13
C18_BCH1_1NeuNP_H200.1030_MTG_layer_1,e1_e299_SLC17A7_L5b.Cdh13,12,12. e1_e299_SLC17A7_L5b.Cdh13
C18_BCH3_1NeuNP_H200.1025_MTG_Layer_1,e1_e299_SLC17A7_L5b.Cdh13,12,12. e1_e299_SLC17A7_L5b.Cdh13
C19_1_Nuclei_NeuNP_H200_1030_MTG_layer1_BCH5,e1_e299_SLC17A7_L5b.Cdh13,12,12. e1_e299_SLC17A7_L5b.Cdh13
C19_1_Nuclei_NeuNP_H200_1030_MTG_layer1_BCH6,e1_e299_SLC17A7_L5b.Cdh13,12,12. e1_e299_SLC17A7_L5b.Cdh13
C20_1_Nuclei_NeuNP_H200_1030_MTG_layer1_BCH7,e1_e299_SLC17A7_L5b.Cdh13,12,12. e1_e299_SLC17A7_L5b.Cdh13
C21_1_Nuclei_NeuNP_H200_1030_MTG_layer1_BCH7,e1_e299_SLC17A7_L5b.Cdh13,12,12. e1_e299_SLC17A7_L5b.Cdh13
C21_BCH1_1NeuNP_H200.1030_MTG_layer_1,e1_e299_SLC17A7_L5b.Cdh13,12,12. e1_e299_SLC17A7_L5b.Cdh13
C22_1_Nuclei_NeuNP_H200_1030_MTG_layer1_BCH5,e1_e299_SLC17A7_L5b.Cdh13,12,12. e1_e299_SLC17A7_L5b.Cdh13
C22_1_Nuclei_NeuNP_H200_1030_MTG_layer1_BCH7,e1_e299_SLC17A7_L5b.Cdh13,12,12. e1_e299_SLC17A7_L5b.Cdh13
C23_1_Nuclei_NeuNP_H200_1030_MTG_layer1_BCH6,e1_e299_SLC17A7_L5b.Cdh13,12,12. e1_e299_SLC17A7_L5b.Cdh13
C23_1_Nuclei_NeuNP_H200_1030_MTG_layer1_BCH7,e1_e299_SLC17A7_L5b.Cdh13,12,12. e1_e299_SLC17A7_L5b.Cdh13
D02_1_Nuclei_NeuNP_H200_1025_MTG_layer1_BCH9,e1_e299_SLC17A7_L5b.Cdh13,12,12. e1_e299_SLC17A7_L5b.Cdh13
D03_1_Nuclei_NeuNP_H200_1030_MTG_layer1_BCH8,e1_e299_SLC17A7_L5b.Cdh13,12,12. e1_e299_SLC17A7_L5b.Cdh13
D03_BCH1_1NeuNP_H200.1025_MTG_layer_1,e1_e299_SLC17A7_L5b.Cdh13,12,12. e1_e299_SLC17A7_L5b.Cdh13
D04_1_Nuclei_NeuNP_H200_1025_MTG_layer1_BCH6,e1_e299_SLC17A7_L5b.Cdh13,12,12. e1_e299_SLC17A7_L5b.Cdh13
D05_1_Nuclei_NeuNP_H200_1025_MTG_layer1_BCH6,e1_e299_SLC17A7_L5b.Cdh13,12,12. e1_e299_SLC17A7_L5b.Cdh13
D05_BCH1_1NeuNP_H200.1025_MTG_layer_1,e1_e299_SLC17A7_L5b.Cdh13,12,12. e1_e299_SLC17A7_L5b.Cdh13
D06_1_Nuclei_NeuNP_H200_1025_MTG_layer1_BCH9,e1_e299_SLC17A7_L5b.Cdh13,12,12. e1_e299_SLC17A7_L5b.Cdh13
D06_1_Nuclei_NeuNP_H200_1030_MTG_layer1_BCH8,e1_e299_SLC17A7_L5b.Cdh13,12,12. e1_e299_SLC17A7_L5b.Cdh13
D07_1_Nuclei_NeuNP_H200_1025_MTG_layer1_BCH9,e1_e299_SLC17A7_L5b.Cdh13,12,12. e1_e299_SLC17A7_L5b.Cdh13
D08_1_Nuclei_NeuNP_H200_1025_MTG_layer1_BCH6,e1_e299_SLC17A7_L5b.Cdh13,12,12. e1_e299_SLC17A7_L5b.Cdh13
D09_1_Nuclei_NeuNP_H200_1030_MTG_layer1_BCH8,e1_e299_SLC17A7_L5b.Cdh13,12,12. e1_e299_SLC17A7_L5b.Cdh13
D10_1_Nuclei_NeuNP_H200_1025_MTG_layer1_BCH6,e1_e299_SLC17A7_L5b.Cdh13,12,12. e1_e299_SLC17A7_L5b.Cdh13
D11_1_Nuclei_NeuNP_H200_1025_MTG_layer1_BCH6,e1_e299_SLC17A7_L5b.Cdh13,12,12. e1_e299_SLC17A7_L5b.Cdh13
D11_1_Nuclei_NeuNP_H200_1030_MTG_layer1_BCH8,e1_e299_SLC17A7_L5b.Cdh13,12,12. e1_e299_SLC17A7_L5b.Cdh13
E04_1_Nuclei_NeuNP_H200_1025_MTG_layer1_BCH9,e1_e299_SLC17A7_L5b.Cdh13,12,12. e1_e299_SLC17A7_L5b.Cdh13
E04_BCH3_1NeuNP_H200.1030_MTG_Layer_1,e1_e299_SLC17A7_L5b.Cdh13,12,12. e1_e299_SLC17A7_L5b.Cdh13
E05_BCH3_1NeuNP_H200.1030_MTG_Layer_1,e1_e299_SLC17A7_L5b.Cdh13,12,12. e1_e299_SLC17A7_L5b.Cdh13
E07_1_Nuclei_NeuNP_H200_1025_MTG_layer1_BCH9,e1_e299_SLC17A7_L5b.Cdh13,12,12. e1_e299_SLC17A7_L5b.Cdh13
E09_1_Nuclei_NeuNP_H200_1025_MTG_layer1_BCH9,e1_e299_SLC17A7_L5b.Cdh13,12,12. e1_e299_SLC17A7_L5b.Cdh13
E12_1_Nuclei_NeuNP_H200_1025_MTG_layer1_BCH9,e1_e299_SLC17A7_L5b.Cdh13,12,12. e1_e299_SLC17A7_L5b.Cdh13
E13_BCH1_1NeuNP_H200.1030_MTG_layer_1,e1_e299_SLC17A7_L5b.Cdh13,12,12. e1_e299_SLC17A7_L5b.Cdh13
E13_BCH3_1NeuNP_H200.1025_MTG_Layer_1,e1_e299_SLC17A7_L5b.Cdh13,12,12. e1_e299_SLC17A7_L5b.Cdh13
E14_1_Nuclei_NeuNP_H200_1030_MTG_layer1_BCH5,e1_e299_SLC17A7_L5b.Cdh13,12,12. e1_e299_SLC17A7_L5b.Cdh13
E14_1_Nuclei_NeuNP_H200_1030_MTG_layer1_BCH6,e1_e299_SLC17A7_L5b.Cdh13,12,12. e1_e299_SLC17A7_L5b.Cdh13
E15_BCH1_1NeuNP_H200.1030_MTG_layer_1,e1_e299_SLC17A7_L5b.Cdh13,12,12. e1_e299_SLC17A7_L5b.Cdh13
E16_1_Nuclei_NeuNP_H200_1030_MTG_layer1_BCH6,e1_e299_SLC17A7_L5b.Cdh13,12,12. e1_e299_SLC17A7_L5b.Cdh13
E16_1_Nuclei_NeuNP_H200_1030_MTG_layer1_BCH7,e1_e299_SLC17A7_L5b.Cdh13,12,12. e1_e299_SLC17A7_L5b.Cdh13
E16_BCH3_1NeuNP_H200.1025_MTG_Layer_1,e1_e299_SLC17A7_L5b.Cdh13,12,12. e1_e299_SLC17A7_L5b.Cdh13
E17_1_Nuclei_NeuNP_H200_1030_MTG_layer1_BCH5,e1_e299_SLC17A7_L5b.Cdh13,12,12. e1_e299_SLC17A7_L5b.Cdh13
E17_1_Nuclei_NeuNP_H200_1030_MTG_layer1_BCH6,e1_e299_SLC17A7_L5b.Cdh13,12,12. e1_e299_SLC17A7_L5b.Cdh13
E18_1_Nuclei_NeuNP_H200_1030_MTG_layer1_BCH7,e1_e299_SLC17A7_L5b.Cdh13,12,12. e1_e299_SLC17A7_L5b.Cdh13
E18_BCH3_1NeuNP_H200.1025_MTG_Layer_1,e1_e299_SLC17A7_L5b.Cdh13,12,12. e1_e299_SLC17A7_L5b.Cdh13
E19_1_Nuclei_NeuNP_H200_1030_MTG_layer1_BCH6,e1_e299_SLC17A7_L5b.Cdh13,12,12. e1_e299_SLC17A7_L5b.Cdh13
E19_1_Nuclei_NeuNP_H200_1030_MTG_layer1_BCH7,e1_e299_SLC17A7_L5b.Cdh13,12,12. e1_e299_SLC17A7_L5b.Cdh13
E19_BCH1_1NeuNP_H200.1030_MTG_layer_1,e1_e299_SLC17A7_L5b.Cdh13,12,12. e1_e299_SLC17A7_L5b.Cdh13
E19_BCH3_1NeuNP_H200.1025_MTG_Layer_1,e1_e299_SLC17A7_L5b.Cdh13,12,12. e1_e299_SLC17A7_L5b.Cdh13
E20_1_Nuclei_NeuNP_H200_1030_MTG_layer1_BCH6,e1_e299_SLC17A7_L5b.Cdh13,12,12. e1_e299_SLC17A7_L5b.Cdh13
E20_BCH1_1NeuNP_H200.1030_MTG_layer_1,e1_e299_SLC17A7_L5b.Cdh13,12,12. e1_e299_SLC17A7_L5b.Cdh13
E21_1_Nuclei_NeuNP_H200_1030_MTG_layer1_BCH6,e1_e299_SLC17A7_L5b.Cdh13,12,12. e1_e299_SLC17A7_L5b.Cdh13
E22_1_Nuclei_NeuNP_H200_1030_MTG_layer1_BCH5,e1_e299_SLC17A7_L5b.Cdh13,12,12. e1_e299_SLC17A7_L5b.Cdh13
E22_BCH1_1NeuNP_H200.1030_MTG_layer_1,e1_e299_SLC17A7_L5b.Cdh13,12,12. e1_e299_SLC17A7_L5b.Cdh13
E22_BCH3_1NeuNP_H200.1025_MTG_Layer_1,e1_e299_SLC17A7_L5b.Cdh13,12,12. e1_e299_SLC17A7_L5b.Cdh13
E23_1_Nuclei_NeuNP_H200_1030_MTG_layer1_BCH5,e1_e299_SLC17A7_L5b.Cdh13,12,12. e1_e299_SLC17A7_L5b.Cdh13
E23_BCH3_1NeuNP_H200.1025_MTG_Layer_1,e1_e299_SLC17A7_L5b.Cdh13,12,12. e1_e299_SLC17A7_L5b.Cdh13
E24_1_Nuclei_NeuNP_H200_1030_MTG_layer1_BCH6,e1_e299_SLC17A7_L5b.Cdh13,12,12. e1_e299_SLC17A7_L5b.Cdh13
E24_1_Nuclei_NeuNP_H200_1030_MTG_layer1_BCH7,e1_e299_SLC17A7_L5b.Cdh13,12,12. e1_e299_SLC17A7_L5b.Cdh13
F01_1_Nuclei_NeuNP_H200_1025_MTG_layer1_BCH7,e1_e299_SLC17A7_L5b.Cdh13,12,12. e1_e299_SLC17A7_L5b.Cdh13
F01_1_Nuclei_NeuNP_H200_1030_MTG_layer1_BCH8,e1_e299_SLC17A7_L5b.Cdh13,12,12. e1_e299_SLC17A7_L5b.Cdh13
F01_BCH1_1NeuNP_H200.1025_MTG_layer_1,e1_e299_SLC17A7_L5b.Cdh13,12,12. e1_e299_SLC17A7_L5b.Cdh13
F03_1_Nuclei_NeuNP_H200_1025_MTG_layer1_BCH6,e1_e299_SLC17A7_L5b.Cdh13,12,12. e1_e299_SLC17A7_L5b.Cdh13
F03_1_Nuclei_NeuNP_H200_1030_MTG_layer1_BCH8,e1_e299_SLC17A7_L5b.Cdh13,12,12. e1_e299_SLC17A7_L5b.Cdh13
F03_BCH1_1NeuNP_H200.1025_MTG_layer_1,e1_e299_SLC17A7_L5b.Cdh13,12,12. e1_e299_SLC17A7_L5b.Cdh13
F04_1_Nuclei_NeuNP_H200_1025_MTG_layer1_BCH9,e1_e299_SLC17A7_L5b.Cdh13,12,12. e1_e299_SLC17A7_L5b.Cdh13
F04_BCH1_1NeuNP_H200.1025_MTG_layer_1,e1_e299_SLC17A7_L5b.Cdh13,12,12. e1_e299_SLC17A7_L5b.Cdh13
F06_1_Nuclei_NeuNP_H200_1025_MTG_layer1_BCH7,e1_e299_SLC17A7_L5b.Cdh13,12,12. e1_e299_SLC17A7_L5b.Cdh13
F09_1_Nuclei_NeuNP_H200_1025_MTG_layer1_BCH6,e1_e299_SLC17A7_L5b.Cdh13,12,12. e1_e299_SLC17A7_L5b.Cdh13
F09_1_Nuclei_NeuNP_H200_1025_MTG_layer1_BCH7,e1_e299_SLC17A7_L5b.Cdh13,12,12. e1_e299_SLC17A7_L5b.Cdh13
F09_1_Nuclei_NeuNP_H200_1025_MTG_layer1_BCH9,e1_e299_SLC17A7_L5b.Cdh13,12,12. e1_e299_SLC17A7_L5b.Cdh13
F09_1_Nuclei_NeuNP_H200_1030_MTG_layer1_BCH8,e1_e299_SLC17A7_L5b.Cdh13,12,12. e1_e299_SLC17A7_L5b.Cdh13
F11_1_Nuclei_NeuNP_H200_1025_MTG_layer1_BCH7,e1_e299_SLC17A7_L5b.Cdh13,12,12. e1_e299_SLC17A7_L5b.Cdh13
F11_1_Nuclei_NeuNP_H200_1030_MTG_layer1_BCH8,e1_e299_SLC17A7_L5b.Cdh13,12,12. e1_e299_SLC17A7_L5b.Cdh13
F12_1_Nuclei_NeuNP_H200_1030_MTG_layer1_BCH8,e1_e299_SLC17A7_L5b.Cdh13,12,12. e1_e299_SLC17A7_L5b.Cdh13
G01_1_Nuclei_NeuNP_H200_1025_MTG_layer1_BCH9,e1_e299_SLC17A7_L5b.Cdh13,12,12. e1_e299_SLC17A7_L5b.Cdh13
G06_1_Nuclei_NeuNP_H200_1025_MTG_layer1_BCH9,e1_e299_SLC17A7_L5b.Cdh13,12,12. e1_e299_SLC17A7_L5b.Cdh13
G07_1_Nuclei_NeuNP_H200_1025_MTG_layer1_BCH9,e1_e299_SLC17A7_L5b.Cdh13,12,12. e1_e299_SLC17A7_L5b.Cdh13
G12_1_Nuclei_NeuNP_H200_1025_MTG_layer1_BCH9,e1_e299_SLC17A7_L5b.Cdh13,12,12. e1_e299_SLC17A7_L5b.Cdh13
G13_1_Nuclei_NeuNP_H200_1030_MTG_layer1_BCH6,e1_e299_SLC17A7_L5b.Cdh13,12,12. e1_e299_SLC17A7_L5b.Cdh13
G13_BCH3_1NeuNP_H200.1025_MTG_Layer_1,e1_e299_SLC17A7_L5b.Cdh13,12,12. e1_e299_SLC17A7_L5b.Cdh13
G14_1_Nuclei_NeuNP_H200_1030_MTG_layer1_BCH5,e1_e299_SLC17A7_L5b.Cdh13,12,12. e1_e299_SLC17A7_L5b.Cdh13
G14_BCH3_1NeuNP_H200.1025_MTG_Layer_1,e1_e299_SLC17A7_L5b.Cdh13,12,12. e1_e299_SLC17A7_L5b.Cdh13
G15_1_Nuclei_NeuNP_H200_1030_MTG_layer1_BCH5,e1_e299_SLC17A7_L5b.Cdh13,12,12. e1_e299_SLC17A7_L5b.Cdh13
G15_1_Nuclei_NeuNP_H200_1030_MTG_layer1_BCH6,e1_e299_SLC17A7_L5b.Cdh13,12,12. e1_e299_SLC17A7_L5b.Cdh13
G15_1_Nuclei_NeuNP_H200_1030_MTG_layer1_BCH7,e1_e299_SLC17A7_L5b.Cdh13,12,12. e1_e299_SLC17A7_L5b.Cdh13
G15_BCH3_1NeuNP_H200.1025_MTG_Layer_1,e1_e299_SLC17A7_L5b.Cdh13,12,12. e1_e299_SLC17A7_L5b.Cdh13
G16_1_Nuclei_NeuNP_H200_1030_MTG_layer1_BCH7,e1_e299_SLC17A7_L5b.Cdh13,12,12. e1_e299_SLC17A7_L5b.Cdh13
G18_1_Nuclei_NeuNP_H200_1030_MTG_layer1_BCH6,e1_e299_SLC17A7_L5b.Cdh13,12,12. e1_e299_SLC17A7_L5b.Cdh13
G18_BCH3_1NeuNP_H200.1025_MTG_Layer_1,e1_e299_SLC17A7_L5b.Cdh13,12,12. e1_e299_SLC17A7_L5b.Cdh13
G19_1_Nuclei_NeuNP_H200_1030_MTG_layer1_BCH5,e1_e299_SLC17A7_L5b.Cdh13,12,12. e1_e299_SLC17A7_L5b.Cdh13
G19_1_Nuclei_NeuNP_H200_1030_MTG_layer1_BCH7,e1_e299_SLC17A7_L5b.Cdh13,12,12. e1_e299_SLC17A7_L5b.Cdh13
G20_BCH1_1NeuNP_H200.1030_MTG_layer_1,e1_e299_SLC17A7_L5b.Cdh13,12,12. e1_e299_SLC17A7_L5b.Cdh13
G22_1_Nuclei_NeuNP_H200_1030_MTG_layer1_BCH7,e1_e299_SLC17A7_L5b.Cdh13,12,12. e1_e299_SLC17A7_L5b.Cdh13
G22_BCH3_1NeuNP_H200.1025_MTG_Layer_1,e1_e299_SLC17A7_L5b.Cdh13,12,12. e1_e299_SLC17A7_L5b.Cdh13
G23_1_Nuclei_NeuNP_H200_1030_MTG_layer1_BCH5,e1_e299_SLC17A7_L5b.Cdh13,12,12. e1_e299_SLC17A7_L5b.Cdh13
G23_1_Nuclei_NeuNP_H200_1030_MTG_layer1_BCH6,e1_e299_SLC17A7_L5b.Cdh13,12,12. e1_e299_SLC17A7_L5b.Cdh13
G23_BCH1_1NeuNP_H200.1030_MTG_layer_1,e1_e299_SLC17A7_L5b.Cdh13,12,12. e1_e299_SLC17A7_L5b.Cdh13
G24_1_Nuclei_NeuNP_H200_1030_MTG_layer1_BCH7,e1_e299_SLC17A7_L5b.Cdh13,12,12. e1_e299_SLC17A7_L5b.Cdh13
G24_BCH3_1NeuNP_H200.1025_MTG_Layer_1,e1_e299_SLC17A7_L5b.Cdh13,12,12. e1_e299_SLC17A7_L5b.Cdh13
H01_1_Nuclei_NeuNP_H200_1025_MTG_layer1_BCH7,e1_e299_SLC17A7_L5b.Cdh13,12,12. e1_e299_SLC17A7_L5b.Cdh13
H01_1_Nuclei_NeuNP_H200_1025_MTG_layer1_BCH9,e1_e299_SLC17A7_L5b.Cdh13,12,12. e1_e299_SLC17A7_L5b.Cdh13
H01_1_Nuclei_NeuNP_H200_1030_MTG_layer1_BCH8,e1_e299_SLC17A7_L5b.Cdh13,12,12. e1_e299_SLC17A7_L5b.Cdh13
H02_1_Nuclei_NeuNP_H200_1025_MTG_layer1_BCH6,e1_e299_SLC17A7_L5b.Cdh13,12,12. e1_e299_SLC17A7_L5b.Cdh13
H02_1_Nuclei_NeuNP_H200_1025_MTG_layer1_BCH9,e1_e299_SLC17A7_L5b.Cdh13,12,12. e1_e299_SLC17A7_L5b.Cdh13
H03_BCH1_1NeuNP_H200.1025_MTG_layer_1,e1_e299_SLC17A7_L5b.Cdh13,12,12. e1_e299_SLC17A7_L5b.Cdh13
H04_1_Nuclei_NeuNP_H200_1030_MTG_layer1_BCH8,e1_e299_SLC17A7_L5b.Cdh13,12,12. e1_e299_SLC17A7_L5b.Cdh13
H05_1_Nuclei_NeuNP_H200_1025_MTG_layer1_BCH7,e1_e299_SLC17A7_L5b.Cdh13,12,12. e1_e299_SLC17A7_L5b.Cdh13
H05_1_Nuclei_NeuNP_H200_1025_MTG_layer1_BCH9,e1_e299_SLC17A7_L5b.Cdh13,12,12. e1_e299_SLC17A7_L5b.Cdh13
H06_1_Nuclei_NeuNP_H200_1025_MTG_layer1_BCH6,e1_e299_SLC17A7_L5b.Cdh13,12,12. e1_e299_SLC17A7_L5b.Cdh13
H07_1_Nuclei_NeuNP_H200_1025_MTG_layer1_BCH9,e1_e299_SLC17A7_L5b.Cdh13,12,12. e1_e299_SLC17A7_L5b.Cdh13
H08_1_Nuclei_NeuNP_H200_1025_MTG_layer1_BCH7,e1_e299_SLC17A7_L5b.Cdh13,12,12. e1_e299_SLC17A7_L5b.Cdh13
H08_1_Nuclei_NeuNP_H200_1030_MTG_layer1_BCH8,e1_e299_SLC17A7_L5b.Cdh13,12,12. e1_e299_SLC17A7_L5b.Cdh13
H09_1_Nuclei_NeuNP_H200_1025_MTG_layer1_BCH9,e1_e299_SLC17A7_L5b.Cdh13,12,12. e1_e299_SLC17A7_L5b.Cdh13
H09_1_Nuclei_NeuNP_H200_1030_MTG_layer1_BCH8,e1_e299_SLC17A7_L5b.Cdh13,12,12. e1_e299_SLC17A7_L5b.Cdh13
H09_BCH1_1NeuNP_H200.1025_MTG_layer_1,e1_e299_SLC17A7_L5b.Cdh13,12,12. e1_e299_SLC17A7_L5b.Cdh13
H10_1_Nuclei_NeuNP_H200_1030_MTG_layer1_BCH8,e1_e299_SLC17A7_L5b.Cdh13,12,12. e1_e299_SLC17A7_L5b.Cdh13
H11_1_Nuclei_NeuNP_H200_1025_MTG_layer1_BCH6,e1_e299_SLC17A7_L5b.Cdh13,12,12. e1_e299_SLC17A7_L5b.Cdh13
H11_1_Nuclei_NeuNP_H200_1030_MTG_layer1_BCH8,e1_e299_SLC17A7_L5b.Cdh13,12,12. e1_e299_SLC17A7_L5b.Cdh13
H11_BCH1_1NeuNP_H200.1025_MTG_layer_1,e1_e299_SLC17A7_L5b.Cdh13,12,12. e1_e299_SLC17A7_L5b.Cdh13
H12_1_Nuclei_NeuNP_H200_1025_MTG_layer1_BCH9,e1_e299_SLC17A7_L5b.Cdh13,12,12. e1_e299_SLC17A7_L5b.Cdh13
H12_1_Nuclei_NeuNP_H200_1030_MTG_layer1_BCH8,e1_e299_SLC17A7_L5b.Cdh13,12,12. e1_e299_SLC17A7_L5b.Cdh13
H12_BCH1_1NeuNP_H200.1025_MTG_layer_1,e1_e299_SLC17A7_L5b.Cdh13,12,12. e1_e299_SLC17A7_L5b.Cdh13
I01_1_Nuclei_NeuNP_H200_1025_MTG_layer1_BCH9,e1_e299_SLC17A7_L5b.Cdh13,12,12. e1_e299_SLC17A7_L5b.Cdh13
I02_1_Nuclei_NeuNP_H200_1025_MTG_layer1_BCH9,e1_e299_SLC17A7_L5b.Cdh13,12,12. e1_e299_SLC17A7_L5b.Cdh13
I02_BCH1_1NeuNP_H200.1025_MTG_layer_1,e1_e299_SLC17A7_L5b.Cdh13,12,12. e1_e299_SLC17A7_L5b.Cdh13
I03_1_Nuclei_NeuNP_H200_1025_MTG_layer1_BCH9,e1_e299_SLC17A7_L5b.Cdh13,12,12. e1_e299_SLC17A7_L5b.Cdh13
I03_BCH1_1NeuNP_H200.1025_MTG_layer_1,e1_e299_SLC17A7_L5b.Cdh13,12,12. e1_e299_SLC17A7_L5b.Cdh13
I04_BCH1_1NeuNP_H200.1025_MTG_layer_1,e1_e299_SLC17A7_L5b.Cdh13,12,12. e1_e299_SLC17A7_L5b.Cdh13
I04_BCH3_1NeuNP_H200.1030_MTG_Layer_1,e1_e299_SLC17A7_L5b.Cdh13,12,12. e1_e299_SLC17A7_L5b.Cdh13
I06_BCH1_1NeuNP_H200.1025_MTG_layer_1,e1_e299_SLC17A7_L5b.Cdh13,12,12. e1_e299_SLC17A7_L5b.Cdh13
I06_BCH3_1NeuNP_H200.1030_MTG_Layer_1,e1_e299_SLC17A7_L5b.Cdh13,12,12. e1_e299_SLC17A7_L5b.Cdh13
I07_BCH3_1NeuNP_H200.1030_MTG_Layer_1,e1_e299_SLC17A7_L5b.Cdh13,12,12. e1_e299_SLC17A7_L5b.Cdh13
I11_1_Nuclei_NeuNP_H200_1025_MTG_layer1_BCH9,e1_e299_SLC17A7_L5b.Cdh13,12,12. e1_e299_SLC17A7_L5b.Cdh13
I13_1_Nuclei_NeuNP_H200_1030_MTG_layer1_BCH5,e1_e299_SLC17A7_L5b.Cdh13,12,12. e1_e299_SLC17A7_L5b.Cdh13
I13_1_Nuclei_NeuNP_H200_1030_MTG_layer1_BCH6,e1_e299_SLC17A7_L5b.Cdh13,12,12. e1_e299_SLC17A7_L5b.Cdh13
I14_1_Nuclei_NeuNP_H200_1030_MTG_layer1_BCH7,e1_e299_SLC17A7_L5b.Cdh13,12,12. e1_e299_SLC17A7_L5b.Cdh13
I18_BCH1_1NeuNP_H200.1030_MTG_layer_1,e1_e299_SLC17A7_L5b.Cdh13,12,12. e1_e299_SLC17A7_L5b.Cdh13
I19_1_Nuclei_NeuNP_H200_1030_MTG_layer1_BCH7,e1_e299_SLC17A7_L5b.Cdh13,12,12. e1_e299_SLC17A7_L5b.Cdh13
I19_BCH1_1NeuNP_H200.1030_MTG_layer_1,e1_e299_SLC17A7_L5b.Cdh13,12,12. e1_e299_SLC17A7_L5b.Cdh13
I20_BCH1_1NeuNP_H200.1030_MTG_layer_1,e1_e299_SLC17A7_L5b.Cdh13,12,12. e1_e299_SLC17A7_L5b.Cdh13
I22_1_Nuclei_NeuNP_H200_1030_MTG_layer1_BCH6,e1_e299_SLC17A7_L5b.Cdh13,12,12. e1_e299_SLC17A7_L5b.Cdh13
I23_1_Nuclei_NeuNP_H200_1030_MTG_layer1_BCH6,e1_e299_SLC17A7_L5b.Cdh13,12,12. e1_e299_SLC17A7_L5b.Cdh13
I23_BCH3_1NeuNP_H200.1025_MTG_Layer_1,e1_e299_SLC17A7_L5b.Cdh13,12,12. e1_e299_SLC17A7_L5b.Cdh13
J01_1_Nuclei_NeuNP_H200_1025_MTG_layer1_BCH6,e1_e299_SLC17A7_L5b.Cdh13,12,12. e1_e299_SLC17A7_L5b.Cdh13
J01_1_Nuclei_NeuNP_H200_1025_MTG_layer1_BCH9,e1_e299_SLC17A7_L5b.Cdh13,12,12. e1_e299_SLC17A7_L5b.Cdh13
J02_1_Nuclei_NeuNP_H200_1025_MTG_layer1_BCH9,e1_e299_SLC17A7_L5b.Cdh13,12,12. e1_e299_SLC17A7_L5b.Cdh13
J03_BCH1_1NeuNP_H200.1025_MTG_layer_1,e1_e299_SLC17A7_L5b.Cdh13,12,12. e1_e299_SLC17A7_L5b.Cdh13
J05_1_Nuclei_NeuNP_H200_1030_MTG_layer1_BCH8,e1_e299_SLC17A7_L5b.Cdh13,12,12. e1_e299_SLC17A7_L5b.Cdh13
J06_BCH1_1NeuNP_H200.1025_MTG_layer_1,e1_e299_SLC17A7_L5b.Cdh13,12,12. e1_e299_SLC17A7_L5b.Cdh13
J07_1_Nuclei_NeuNP_H200_1025_MTG_layer1_BCH9,e1_e299_SLC17A7_L5b.Cdh13,12,12. e1_e299_SLC17A7_L5b.Cdh13
J07_BCH1_1NeuNP_H200.1025_MTG_layer_1,e1_e299_SLC17A7_L5b.Cdh13,12,12. e1_e299_SLC17A7_L5b.Cdh13
J09_1_Nuclei_NeuNP_H200_1025_MTG_layer1_BCH6,e1_e299_SLC17A7_L5b.Cdh13,12,12. e1_e299_SLC17A7_L5b.Cdh13
J09_1_Nuclei_NeuNP_H200_1025_MTG_layer1_BCH7,e1_e299_SLC17A7_L5b.Cdh13,12,12. e1_e299_SLC17A7_L5b.Cdh13
J09_1_Nuclei_NeuNP_H200_1030_MTG_layer1_BCH8,e1_e299_SLC17A7_L5b.Cdh13,12,12. e1_e299_SLC17A7_L5b.Cdh13
J09_BCH1_1NeuNP_H200.1025_MTG_layer_1,e1_e299_SLC17A7_L5b.Cdh13,12,12. e1_e299_SLC17A7_L5b.Cdh13
J10_1_Nuclei_NeuNP_H200_1030_MTG_layer1_BCH8,e1_e299_SLC17A7_L5b.Cdh13,12,12. e1_e299_SLC17A7_L5b.Cdh13
J10_BCH1_1NeuNP_H200.1025_MTG_layer_1,e1_e299_SLC17A7_L5b.Cdh13,12,12. e1_e299_SLC17A7_L5b.Cdh13
J11_1_Nuclei_NeuNP_H200_1025_MTG_layer1_BCH7,e1_e299_SLC17A7_L5b.Cdh13,12,12. e1_e299_SLC17A7_L5b.Cdh13
J11_1_Nuclei_NeuNP_H200_1025_MTG_layer1_BCH9,e1_e299_SLC17A7_L5b.Cdh13,12,12. e1_e299_SLC17A7_L5b.Cdh13
J11_1_Nuclei_NeuNP_H200_1030_MTG_layer1_BCH8,e1_e299_SLC17A7_L5b.Cdh13,12,12. e1_e299_SLC17A7_L5b.Cdh13
J12_1_Nuclei_NeuNP_H200_1025_MTG_layer1_BCH6,e1_e299_SLC17A7_L5b.Cdh13,12,12. e1_e299_SLC17A7_L5b.Cdh13
K02_1_Nuclei_NeuNP_H200_1025_MTG_layer1_BCH9,e1_e299_SLC17A7_L5b.Cdh13,12,12. e1_e299_SLC17A7_L5b.Cdh13
K02_BCH1_1NeuNP_H200.1025_MTG_layer_1,e1_e299_SLC17A7_L5b.Cdh13,12,12. e1_e299_SLC17A7_L5b.Cdh13
K03_1_Nuclei_NeuNP_H200_1025_MTG_layer1_BCH9,e1_e299_SLC17A7_L5b.Cdh13,12,12. e1_e299_SLC17A7_L5b.Cdh13
K06_1_Nuclei_NeuNP_H200_1025_MTG_layer1_BCH9,e1_e299_SLC17A7_L5b.Cdh13,12,12. e1_e299_SLC17A7_L5b.Cdh13
K07_BCH1_1NeuNP_H200.1025_MTG_layer_1,e1_e299_SLC17A7_L5b.Cdh13,12,12. e1_e299_SLC17A7_L5b.Cdh13
K08_BCH3_1NeuNP_H200.1030_MTG_Layer_1,e1_e299_SLC17A7_L5b.Cdh13,12,12. e1_e299_SLC17A7_L5b.Cdh13
K11_1_Nuclei_NeuNP_H200_1025_MTG_layer1_BCH9,e1_e299_SLC17A7_L5b.Cdh13,12,12. e1_e299_SLC17A7_L5b.Cdh13
K13_1_Nuclei_NeuNP_H200_1030_MTG_layer1_BCH6,e1_e299_SLC17A7_L5b.Cdh13,12,12. e1_e299_SLC17A7_L5b.Cdh13
K13_BCH1_1NeuNP_H200.1030_MTG_layer_1,e1_e299_SLC17A7_L5b.Cdh13,12,12. e1_e299_SLC17A7_L5b.Cdh13
K13_BCH3_1NeuNP_H200.1025_MTG_Layer_1,e1_e299_SLC17A7_L5b.Cdh13,12,12. e1_e299_SLC17A7_L5b.Cdh13
K14_1_Nuclei_NeuNP_H200_1030_MTG_layer1_BCH5,e1_e299_SLC17A7_L5b.Cdh13,12,12. e1_e299_SLC17A7_L5b.Cdh13
K14_1_Nuclei_NeuNP_H200_1030_MTG_layer1_BCH7,e1_e299_SLC17A7_L5b.Cdh13,12,12. e1_e299_SLC17A7_L5b.Cdh13
K14_BCH3_1NeuNP_H200.1025_MTG_Layer_1,e1_e299_SLC17A7_L5b.Cdh13,12,12. e1_e299_SLC17A7_L5b.Cdh13
K15_1_Nuclei_NeuNP_H200_1030_MTG_layer1_BCH6,e1_e299_SLC17A7_L5b.Cdh13,12,12. e1_e299_SLC17A7_L5b.Cdh13
K16_1_Nuclei_NeuNP_H200_1030_MTG_layer1_BCH5,e1_e299_SLC17A7_L5b.Cdh13,12,12. e1_e299_SLC17A7_L5b.Cdh13
K16_1_Nuclei_NeuNP_H200_1030_MTG_layer1_BCH6,e1_e299_SLC17A7_L5b.Cdh13,12,12. e1_e299_SLC17A7_L5b.Cdh13
K16_1_Nuclei_NeuNP_H200_1030_MTG_layer1_BCH7,e1_e299_SLC17A7_L5b.Cdh13,12,12. e1_e299_SLC17A7_L5b.Cdh13
K16_BCH1_1NeuNP_H200.1030_MTG_layer_1,e1_e299_SLC17A7_L5b.Cdh13,12,12. e1_e299_SLC17A7_L5b.Cdh13
K16_BCH3_1NeuNP_H200.1025_MTG_Layer_1,e1_e299_SLC17A7_L5b.Cdh13,12,12. e1_e299_SLC17A7_L5b.Cdh13
K17_1_Nuclei_NeuNP_H200_1030_MTG_layer1_BCH6,e1_e299_SLC17A7_L5b.Cdh13,12,12. e1_e299_SLC17A7_L5b.Cdh13
K18_BCH3_1NeuNP_H200.1025_MTG_Layer_1,e1_e299_SLC17A7_L5b.Cdh13,12,12. e1_e299_SLC17A7_L5b.Cdh13
K21_1_Nuclei_NeuNP_H200_1030_MTG_layer1_BCH6,e1_e299_SLC17A7_L5b.Cdh13,12,12. e1_e299_SLC17A7_L5b.Cdh13
K22_BCH3_1NeuNP_H200.1025_MTG_Layer_1,e1_e299_SLC17A7_L5b.Cdh13,12,12. e1_e299_SLC17A7_L5b.Cdh13
K23_1_Nuclei_NeuNP_H200_1030_MTG_layer1_BCH5,e1_e299_SLC17A7_L5b.Cdh13,12,12. e1_e299_SLC17A7_L5b.Cdh13
K23_BCH1_1NeuNP_H200.1030_MTG_layer_1,e1_e299_SLC17A7_L5b.Cdh13,12,12. e1_e299_SLC17A7_L5b.Cdh13
K23_BCH3_1NeuNP_H200.1025_MTG_Layer_1,e1_e299_SLC17A7_L5b.Cdh13,12,12. e1_e299_SLC17A7_L5b.Cdh13
L01_1_Nuclei_NeuNP_H200_1025_MTG_layer1_BCH7,e1_e299_SLC17A7_L5b.Cdh13,12,12. e1_e299_SLC17A7_L5b.Cdh13
L01_1_Nuclei_NeuNP_H200_1025_MTG_layer1_BCH9,e1_e299_SLC17A7_L5b.Cdh13,12,12. e1_e299_SLC17A7_L5b.Cdh13
L02_1_Nuclei_NeuNP_H200_1025_MTG_layer1_BCH7,e1_e299_SLC17A7_L5b.Cdh13,12,12. e1_e299_SLC17A7_L5b.Cdh13
L02_1_Nuclei_NeuNP_H200_1025_MTG_layer1_BCH9,e1_e299_SLC17A7_L5b.Cdh13,12,12. e1_e299_SLC17A7_L5b.Cdh13
L02_1_Nuclei_NeuNP_H200_1030_MTG_layer1_BCH8,e1_e299_SLC17A7_L5b.Cdh13,12,12. e1_e299_SLC17A7_L5b.Cdh13
L03_1_Nuclei_NeuNP_H200_1030_MTG_layer1_BCH8,e1_e299_SLC17A7_L5b.Cdh13,12,12. e1_e299_SLC17A7_L5b.Cdh13
L04_1_Nuclei_NeuNP_H200_1025_MTG_layer1_BCH6,e1_e299_SLC17A7_L5b.Cdh13,12,12. e1_e299_SLC17A7_L5b.Cdh13
L04_1_Nuclei_NeuNP_H200_1025_MTG_layer1_BCH9,e1_e299_SLC17A7_L5b.Cdh13,12,12. e1_e299_SLC17A7_L5b.Cdh13
L04_1_Nuclei_NeuNP_H200_1030_MTG_layer1_BCH8,e1_e299_SLC17A7_L5b.Cdh13,12,12. e1_e299_SLC17A7_L5b.Cdh13
L05_1_Nuclei_NeuNP_H200_1025_MTG_layer1_BCH9,e1_e299_SLC17A7_L5b.Cdh13,12,12. e1_e299_SLC17A7_L5b.Cdh13
L05_BCH1_1NeuNP_H200.1025_MTG_layer_1,e1_e299_SLC17A7_L5b.Cdh13,12,12. e1_e299_SLC17A7_L5b.Cdh13
L06_1_Nuclei_NeuNP_H200_1025_MTG_layer1_BCH7,e1_e299_SLC17A7_L5b.Cdh13,12,12. e1_e299_SLC17A7_L5b.Cdh13
L07_1_Nuclei_NeuNP_H200_1025_MTG_layer1_BCH7,e1_e299_SLC17A7_L5b.Cdh13,12,12. e1_e299_SLC17A7_L5b.Cdh13
L08_1_Nuclei_NeuNP_H200_1030_MTG_layer1_BCH8,e1_e299_SLC17A7_L5b.Cdh13,12,12. e1_e299_SLC17A7_L5b.Cdh13
L09_1_Nuclei_NeuNP_H200_1025_MTG_layer1_BCH9,e1_e299_SLC17A7_L5b.Cdh13,12,12. e1_e299_SLC17A7_L5b.Cdh13
L09_BCH1_1NeuNP_H200.1025_MTG_layer_1,e1_e299_SLC17A7_L5b.Cdh13,12,12. e1_e299_SLC17A7_L5b.Cdh13
L10_1_Nuclei_NeuNP_H200_1025_MTG_layer1_BCH9,e1_e299_SLC17A7_L5b.Cdh13,12,12. e1_e299_SLC17A7_L5b.Cdh13
L10_BCH1_1NeuNP_H200.1025_MTG_layer_1,e1_e299_SLC17A7_L5b.Cdh13,12,12. e1_e299_SLC17A7_L5b.Cdh13
L12_1_Nuclei_NeuNP_H200_1030_MTG_layer1_BCH8,e1_e299_SLC17A7_L5b.Cdh13,12,12. e1_e299_SLC17A7_L5b.Cdh13
L12_BCH1_1NeuNP_H200.1025_MTG_layer_1,e1_e299_SLC17A7_L5b.Cdh13,12,12. e1_e299_SLC17A7_L5b.Cdh13
M01_1_Nuclei_NeuNP_H200_1025_MTG_layer1_BCH9,e1_e299_SLC17A7_L5b.Cdh13,12,12. e1_e299_SLC17A7_L5b.Cdh13
M01_BCH3_1NeuNP_H200.1030_MTG_Layer_1,e1_e299_SLC17A7_L5b.Cdh13,12,12. e1_e299_SLC17A7_L5b.Cdh13
M03_1_Nuclei_NeuNP_H200_1025_MTG_layer1_BCH9,e1_e299_SLC17A7_L5b.Cdh13,12,12. e1_e299_SLC17A7_L5b.Cdh13
M03_BCH3_1NeuNP_H200.1030_MTG_Layer_1,e1_e299_SLC17A7_L5b.Cdh13,12,12. e1_e299_SLC17A7_L5b.Cdh13
M04_BCH1_1NeuNP_H200.1025_MTG_layer_1,e1_e299_SLC17A7_L5b.Cdh13,12,12. e1_e299_SLC17A7_L5b.Cdh13
M05_1_Nuclei_NeuNP_H200_1025_MTG_layer1_BCH9,e1_e299_SLC17A7_L5b.Cdh13,12,12. e1_e299_SLC17A7_L5b.Cdh13
M05_BCH3_1NeuNP_H200.1030_MTG_Layer_1,e1_e299_SLC17A7_L5b.Cdh13,12,12. e1_e299_SLC17A7_L5b.Cdh13
M13_1_Nuclei_NeuNP_H200_1030_MTG_layer1_BCH7,e1_e299_SLC17A7_L5b.Cdh13,12,12. e1_e299_SLC17A7_L5b.Cdh13
M15_1_Nuclei_NeuNP_H200_1030_MTG_layer1_BCH5,e1_e299_SLC17A7_L5b.Cdh13,12,12. e1_e299_SLC17A7_L5b.Cdh13
M15_1_Nuclei_NeuNP_H200_1030_MTG_layer1_BCH6,e1_e299_SLC17A7_L5b.Cdh13,12,12. e1_e299_SLC17A7_L5b.Cdh13
M15_BCH1_1NeuNP_H200.1030_MTG_layer_1,e1_e299_SLC17A7_L5b.Cdh13,12,12. e1_e299_SLC17A7_L5b.Cdh13
M15_BCH3_1NeuNP_H200.1025_MTG_Layer_1,e1_e299_SLC17A7_L5b.Cdh13,12,12. e1_e299_SLC17A7_L5b.Cdh13
M16_1_Nuclei_NeuNP_H200_1030_MTG_layer1_BCH6,e1_e299_SLC17A7_L5b.Cdh13,12,12. e1_e299_SLC17A7_L5b.Cdh13
M16_BCH1_1NeuNP_H200.1030_MTG_layer_1,e1_e299_SLC17A7_L5b.Cdh13,12,12. e1_e299_SLC17A7_L5b.Cdh13
M17_BCH1_1NeuNP_H200.1030_MTG_layer_1,e1_e299_SLC17A7_L5b.Cdh13,12,12. e1_e299_SLC17A7_L5b.Cdh13
M17_BCH3_1NeuNP_H200.1025_MTG_Layer_1,e1_e299_SLC17A7_L5b.Cdh13,12,12. e1_e299_SLC17A7_L5b.Cdh13
M18_1_Nuclei_NeuNP_H200_1030_MTG_layer1_BCH5,e1_e299_SLC17A7_L5b.Cdh13,12,12. e1_e299_SLC17A7_L5b.Cdh13
M18_1_Nuclei_NeuNP_H200_1030_MTG_layer1_BCH6,e1_e299_SLC17A7_L5b.Cdh13,12,12. e1_e299_SLC17A7_L5b.Cdh13
M19_1_Nuclei_NeuNP_H200_1030_MTG_layer1_BCH5,e1_e299_SLC17A7_L5b.Cdh13,12,12. e1_e299_SLC17A7_L5b.Cdh13
M19_1_Nuclei_NeuNP_H200_1030_MTG_layer1_BCH7,e1_e299_SLC17A7_L5b.Cdh13,12,12. e1_e299_SLC17A7_L5b.Cdh13
M19_BCH3_1NeuNP_H200.1025_MTG_Layer_1,e1_e299_SLC17A7_L5b.Cdh13,12,12. e1_e299_SLC17A7_L5b.Cdh13
M20_1_Nuclei_NeuNP_H200_1030_MTG_layer1_BCH5,e1_e299_SLC17A7_L5b.Cdh13,12,12. e1_e299_SLC17A7_L5b.Cdh13
M20_BCH3_1NeuNP_H200.1025_MTG_Layer_1,e1_e299_SLC17A7_L5b.Cdh13,12,12. e1_e299_SLC17A7_L5b.Cdh13
M21_BCH1_1NeuNP_H200.1030_MTG_layer_1,e1_e299_SLC17A7_L5b.Cdh13,12,12. e1_e299_SLC17A7_L5b.Cdh13
M23_1_Nuclei_NeuNP_H200_1030_MTG_layer1_BCH7,e1_e299_SLC17A7_L5b.Cdh13,12,12. e1_e299_SLC17A7_L5b.Cdh13
N01_1_Nuclei_NeuNP_H200_1025_MTG_layer1_BCH9,e1_e299_SLC17A7_L5b.Cdh13,12,12. e1_e299_SLC17A7_L5b.Cdh13
N01_1_Nuclei_NeuNP_H200_1030_MTG_layer1_BCH8,e1_e299_SLC17A7_L5b.Cdh13,12,12. e1_e299_SLC17A7_L5b.Cdh13
N03_1_Nuclei_NeuNP_H200_1025_MTG_layer1_BCH7,e1_e299_SLC17A7_L5b.Cdh13,12,12. e1_e299_SLC17A7_L5b.Cdh13
N04_1_Nuclei_NeuNP_H200_1025_MTG_layer1_BCH7,e1_e299_SLC17A7_L5b.Cdh13,12,12. e1_e299_SLC17A7_L5b.Cdh13
N05_1_Nuclei_NeuNP_H200_1025_MTG_layer1_BCH7,e1_e299_SLC17A7_L5b.Cdh13,12,12. e1_e299_SLC17A7_L5b.Cdh13
N05_BCH1_1NeuNP_H200.1025_MTG_layer_1,e1_e299_SLC17A7_L5b.Cdh13,12,12. e1_e299_SLC17A7_L5b.Cdh13
N06_1_Nuclei_NeuNP_H200_1025_MTG_layer1_BCH6,e1_e299_SLC17A7_L5b.Cdh13,12,12. e1_e299_SLC17A7_L5b.Cdh13
N06_1_Nuclei_NeuNP_H200_1025_MTG_layer1_BCH9,e1_e299_SLC17A7_L5b.Cdh13,12,12. e1_e299_SLC17A7_L5b.Cdh13
N07_1_Nuclei_NeuNP_H200_1025_MTG_layer1_BCH7,e1_e299_SLC17A7_L5b.Cdh13,12,12. e1_e299_SLC17A7_L5b.Cdh13
N08_1_Nuclei_NeuNP_H200_1025_MTG_layer1_BCH9,e1_e299_SLC17A7_L5b.Cdh13,12,12. e1_e299_SLC17A7_L5b.Cdh13
N11_1_Nuclei_NeuNP_H200_1025_MTG_layer1_BCH9,e1_e299_SLC17A7_L5b.Cdh13,12,12. e1_e299_SLC17A7_L5b.Cdh13
N11_1_Nuclei_NeuNP_H200_1030_MTG_layer1_BCH8,e1_e299_SLC17A7_L5b.Cdh13,12,12. e1_e299_SLC17A7_L5b.Cdh13
G01_BCH1_1NeuNN_H200.1025_MTG_layer_1,g1_g48_GLI3_Astro.Gja1,14,14. g1_g48_GLI3_Astro.Gja1
G01_BCH3_1NeuNN_H200.1030_MTG_Layer_1,g1_g48_GLI3_Astro.Gja1,14,14. g1_g48_GLI3_Astro.Gja1
G03_BCH3_1NeuNN_H200.1030_MTG_Layer_1,g1_g48_GLI3_Astro.Gja1,14,14. g1_g48_GLI3_Astro.Gja1
G05_BCH3_1NeuNN_H200.1030_MTG_Layer_1,g1_g48_GLI3_Astro.Gja1,14,14. g1_g48_GLI3_Astro.Gja1
G07_BCH3_1NeuNN_H200.1030_MTG_Layer_1,g1_g48_GLI3_Astro.Gja1,14,14. g1_g48_GLI3_Astro.Gja1
O03_BCH1_1NeuNN_H200.1025_MTG_layer_1,g1_g48_GLI3_Astro.Gja1,14,14. g1_g48_GLI3_Astro.Gja1
O03_BCH3_1NeuNN_H200.1030_MTG_Layer_1,g1_g48_GLI3_Astro.Gja1,14,14. g1_g48_GLI3_Astro.Gja1
O04_1_Nuclei_NeuNN_H200_1025_MTG_layer1_BCH9,g1_g48_GLI3_Astro.Gja1,14,14. g1_g48_GLI3_Astro.Gja1
O04_BCH3_1NeuNN_H200.1030_MTG_Layer_1,g1_g48_GLI3_Astro.Gja1,14,14. g1_g48_GLI3_Astro.Gja1
O05_1_Nuclei_NeuNN_H200_1025_MTG_layer1_BCH9,g1_g48_GLI3_Astro.Gja1,14,14. g1_g48_GLI3_Astro.Gja1
O05_BCH1_1NeuNN_H200.1025_MTG_layer_1,g1_g48_GLI3_Astro.Gja1,14,14. g1_g48_GLI3_Astro.Gja1
O06_1_Nuclei_NeuNN_H200_1025_MTG_layer1_BCH9,g1_g48_GLI3_Astro.Gja1,14,14. g1_g48_GLI3_Astro.Gja1
O07_BCH3_1NeuNN_H200.1030_MTG_Layer_1,g1_g48_GLI3_Astro.Gja1,14,14. g1_g48_GLI3_Astro.Gja1
O13_1_Nuclei_NeuNN_H200_1030_MTG_layer1_BCH5,g1_g48_GLI3_Astro.Gja1,14,14. g1_g48_GLI3_Astro.Gja1
O13_BCH1_1NeuNN_H200.1030_MTG_layer_1,g1_g48_GLI3_Astro.Gja1,14,14. g1_g48_GLI3_Astro.Gja1
O15_1_Nuclei_NeuNN_H200_1030_MTG_layer1_BCH7,g1_g48_GLI3_Astro.Gja1,14,14. g1_g48_GLI3_Astro.Gja1
O15_BCH1_1NeuNN_H200.1030_MTG_layer_1,g1_g48_GLI3_Astro.Gja1,14,14. g1_g48_GLI3_Astro.Gja1
O17_1_Nuclei_NeuNN_H200_1030_MTG_layer1_BCH6,g1_g48_GLI3_Astro.Gja1,14,14. g1_g48_GLI3_Astro.Gja1
O17_1_Nuclei_NeuNN_H200_1030_MTG_layer1_BCH7,g1_g48_GLI3_Astro.Gja1,14,14. g1_g48_GLI3_Astro.Gja1
O18_1_Nuclei_NeuNN_H200_1030_MTG_layer1_BCH6,g1_g48_GLI3_Astro.Gja1,14,14. g1_g48_GLI3_Astro.Gja1
O18_BCH1_1NeuNN_H200.1030_MTG_layer_1,g1_g48_GLI3_Astro.Gja1,14,14. g1_g48_GLI3_Astro.Gja1
O19_1_Nuclei_NeuNN_H200_1030_MTG_layer1_BCH6,g1_g48_GLI3_Astro.Gja1,14,14. g1_g48_GLI3_Astro.Gja1
O19_BCH1_1NeuNN_H200.1030_MTG_layer_1,g1_g48_GLI3_Astro.Gja1,14,14. g1_g48_GLI3_Astro.Gja1
O20_1_Nuclei_NeuNN_H200_1030_MTG_layer1_BCH5,g1_g48_GLI3_Astro.Gja1,14,14. g1_g48_GLI3_Astro.Gja1
O20_BCH1_1NeuNN_H200.1030_MTG_layer_1,g1_g48_GLI3_Astro.Gja1,14,14. g1_g48_GLI3_Astro.Gja1
O20_BCH3_1NeuNN_H200.1025_MTG_Layer_1,g1_g48_GLI3_Astro.Gja1,14,14. g1_g48_GLI3_Astro.Gja1
O21_1_Nuclei_NeuNN_H200_1030_MTG_layer1_BCH5,g1_g48_GLI3_Astro.Gja1,14,14. g1_g48_GLI3_Astro.Gja1
O21_1_Nuclei_NeuNN_H200_1030_MTG_layer1_BCH6,g1_g48_GLI3_Astro.Gja1,14,14. g1_g48_GLI3_Astro.Gja1
O21_1_Nuclei_NeuNN_H200_1030_MTG_layer1_BCH7,g1_g48_GLI3_Astro.Gja1,14,14. g1_g48_GLI3_Astro.Gja1
O21_BCH3_1NeuNN_H200.1025_MTG_Layer_1,g1_g48_GLI3_Astro.Gja1,14,14. g1_g48_GLI3_Astro.Gja1
O22_1_Nuclei_NeuNN_H200_1030_MTG_layer1_BCH5,g1_g48_GLI3_Astro.Gja1,14,14. g1_g48_GLI3_Astro.Gja1
O22_1_Nuclei_NeuNN_H200_1030_MTG_layer1_BCH6,g1_g48_GLI3_Astro.Gja1,14,14. g1_g48_GLI3_Astro.Gja1
O22_BCH1_1NeuNN_H200.1030_MTG_layer_1,g1_g48_GLI3_Astro.Gja1,14,14. g1_g48_GLI3_Astro.Gja1
P01_1_Nuclei_NeuNN_H200_1025_MTG_layer1_BCH6,g1_g48_GLI3_Astro.Gja1,14,14. g1_g48_GLI3_Astro.Gja1
P01_BCH1_1NeuNN_H200.1025_MTG_layer_1,g1_g48_GLI3_Astro.Gja1,14,14. g1_g48_GLI3_Astro.Gja1
P02_1_Nuclei_NeuNN_H200_1025_MTG_layer1_BCH6,g1_g48_GLI3_Astro.Gja1,14,14. g1_g48_GLI3_Astro.Gja1
P02_BCH1_1NeuNN_H200.1025_MTG_layer_1,g1_g48_GLI3_Astro.Gja1,14,14. g1_g48_GLI3_Astro.Gja1
P03_1_Nuclei_NeuNN_H200_1025_MTG_layer1_BCH9,g1_g48_GLI3_Astro.Gja1,14,14. g1_g48_GLI3_Astro.Gja1
P04_1_Nuclei_NeuNN_H200_1030_MTG_layer1_BCH8,g1_g48_GLI3_Astro.Gja1,14,14. g1_g48_GLI3_Astro.Gja1
P04_BCH1_1NeuNN_H200.1025_MTG_layer_1,g1_g48_GLI3_Astro.Gja1,14,14. g1_g48_GLI3_Astro.Gja1
P05_1_Nuclei_NeuNN_H200_1025_MTG_layer1_BCH7,g1_g48_GLI3_Astro.Gja1,14,14. g1_g48_GLI3_Astro.Gja1
P08_1_Nuclei_NeuNN_H200_1025_MTG_layer1_BCH6,g1_g48_GLI3_Astro.Gja1,14,14. g1_g48_GLI3_Astro.Gja1
P08_1_Nuclei_NeuNN_H200_1025_MTG_layer1_BCH9,g1_g48_GLI3_Astro.Gja1,14,14. g1_g48_GLI3_Astro.Gja1
P09_1_Nuclei_NeuNN_H200_1025_MTG_layer1_BCH7,g1_g48_GLI3_Astro.Gja1,14,14. g1_g48_GLI3_Astro.Gja1
P09_1_Nuclei_NeuNN_H200_1025_MTG_layer1_BCH9,g1_g48_GLI3_Astro.Gja1,14,14. g1_g48_GLI3_Astro.Gja1
P10_1_Nuclei_NeuNN_H200_1025_MTG_layer1_BCH6,g1_g48_GLI3_Astro.Gja1,14,14. g1_g48_GLI3_Astro.Gja1
P11_1_Nuclei_NeuNN_H200_1025_MTG_layer1_BCH7,g1_g48_GLI3_Astro.Gja1,14,14. g1_g48_GLI3_Astro.Gja1
P11_1_Nuclei_NeuNN_H200_1030_MTG_layer1_BCH8,g1_g48_GLI3_Astro.Gja1,14,14. g1_g48_GLI3_Astro.Gja1
A17_BCH3_1NeuNP_H200.1025_MTG_Layer_1,g2_g27_APBB1IP_Micro.Ctss,16,16. g2_g27_APBB1IP_Micro.Ctss
A21_1_Nuclei_NeuNP_H200_1030_MTG_layer1_BCH6,g2_g27_APBB1IP_Micro.Ctss,16,16. g2_g27_APBB1IP_Micro.Ctss
C15_BCH3_1NeuNP_H200.1025_MTG_Layer_1,g2_g27_APBB1IP_Micro.Ctss,16,16. g2_g27_APBB1IP_Micro.Ctss
E02_BCH1_1NeuNP_H200.1025_MTG_layer_1,g2_g27_APBB1IP_Micro.Ctss,16,16. g2_g27_APBB1IP_Micro.Ctss
E23_BCH1_1NeuNP_H200.1030_MTG_layer_1,g2_g27_APBB1IP_Micro.Ctss,16,16. g2_g27_APBB1IP_Micro.Ctss
G06_BCH3_1NeuNN_H200.1030_MTG_Layer_1,g2_g27_APBB1IP_Micro.Ctss,16,16. g2_g27_APBB1IP_Micro.Ctss
G20_1_Nuclei_NeuNP_H200_1030_MTG_layer1_BCH7,g2_g27_APBB1IP_Micro.Ctss,16,16. g2_g27_APBB1IP_Micro.Ctss
J02_BCH1_1NeuNP_H200.1025_MTG_layer_1,g2_g27_APBB1IP_Micro.Ctss,16,16. g2_g27_APBB1IP_Micro.Ctss
O01_BCH3_1NeuNN_H200.1030_MTG_Layer_1,g2_g27_APBB1IP_Micro.Ctss,16,16. g2_g27_APBB1IP_Micro.Ctss
O02_BCH1_1NeuNN_H200.1025_MTG_layer_1,g2_g27_APBB1IP_Micro.Ctss,16,16. g2_g27_APBB1IP_Micro.Ctss
O03_1_Nuclei_NeuNN_H200_1025_MTG_layer1_BCH9,g2_g27_APBB1IP_Micro.Ctss,16,16. g2_g27_APBB1IP_Micro.Ctss
O07_1_Nuclei_NeuNN_H200_1025_MTG_layer1_BCH9,g2_g27_APBB1IP_Micro.Ctss,16,16. g2_g27_APBB1IP_Micro.Ctss
O10_1_Nuclei_NeuNN_H200_1025_MTG_layer1_BCH9,g2_g27_APBB1IP_Micro.Ctss,16,16. g2_g27_APBB1IP_Micro.Ctss
O13_1_Nuclei_NeuNN_H200_1030_MTG_layer1_BCH6,g2_g27_APBB1IP_Micro.Ctss,16,16. g2_g27_APBB1IP_Micro.Ctss
O14_BCH1_1NeuNN_H200.1030_MTG_layer_1,g2_g27_APBB1IP_Micro.Ctss,16,16. g2_g27_APBB1IP_Micro.Ctss
O15_1_Nuclei_NeuNN_H200_1030_MTG_layer1_BCH5,g2_g27_APBB1IP_Micro.Ctss,16,16. g2_g27_APBB1IP_Micro.Ctss
O17_BCH1_1NeuNN_H200.1030_MTG_layer_1,g2_g27_APBB1IP_Micro.Ctss,16,16. g2_g27_APBB1IP_Micro.Ctss
O18_1_Nuclei_NeuNN_H200_1030_MTG_layer1_BCH5,g2_g27_APBB1IP_Micro.Ctss,16,16. g2_g27_APBB1IP_Micro.Ctss
O20_1_Nuclei_NeuNN_H200_1030_MTG_layer1_BCH6,g2_g27_APBB1IP_Micro.Ctss,16,16. g2_g27_APBB1IP_Micro.Ctss
O22_1_Nuclei_NeuNN_H200_1030_MTG_layer1_BCH7,g2_g27_APBB1IP_Micro.Ctss,16,16. g2_g27_APBB1IP_Micro.Ctss
O22_BCH3_1NeuNN_H200.1025_MTG_Layer_1,g2_g27_APBB1IP_Micro.Ctss,16,16. g2_g27_APBB1IP_Micro.Ctss
O23_BCH1_1NeuNN_H200.1030_MTG_layer_1,g2_g27_APBB1IP_Micro.Ctss,16,16. g2_g27_APBB1IP_Micro.Ctss
O23_BCH3_1NeuNN_H200.1025_MTG_Layer_1,g2_g27_APBB1IP_Micro.Ctss,16,16. g2_g27_APBB1IP_Micro.Ctss
P09_1_Nuclei_NeuNN_H200_1025_MTG_layer1_BCH6,g2_g27_APBB1IP_Micro.Ctss,16,16. g2_g27_APBB1IP_Micro.Ctss
P09_1_Nuclei_NeuNN_H200_1030_MTG_layer1_BCH8,g2_g27_APBB1IP_Micro.Ctss,16,16. g2_g27_APBB1IP_Micro.Ctss
P10_1_Nuclei_NeuNN_H200_1025_MTG_layer1_BCH9,g2_g27_APBB1IP_Micro.Ctss,16,16. g2_g27_APBB1IP_Micro.Ctss
P11_1_Nuclei_NeuNN_H200_1025_MTG_layer1_BCH9,g2_g27_APBB1IP_Micro.Ctss,16,16. g2_g27_APBB1IP_Micro.Ctss
G04_BCH1_1NeuNN_H200.1025_MTG_layer_1,g3_g18_GPNMB_OPC.Pdgfra,13,13. g3_g18_GPNMB_OPC.Pdgfra
O11_1_Nuclei_NeuNN_H200_1025_MTG_layer1_BCH9,g3_g18_GPNMB_OPC.Pdgfra,13,13. g3_g18_GPNMB_OPC.Pdgfra
O13_BCH3_1NeuNN_H200.1025_MTG_Layer_1,g3_g18_GPNMB_OPC.Pdgfra,13,13. g3_g18_GPNMB_OPC.Pdgfra
O16_1_Nuclei_NeuNN_H200_1030_MTG_layer1_BCH6,g3_g18_GPNMB_OPC.Pdgfra,13,13. g3_g18_GPNMB_OPC.Pdgfra
O18_BCH3_1NeuNN_H200.1025_MTG_Layer_1,g3_g18_GPNMB_OPC.Pdgfra,13,13. g3_g18_GPNMB_OPC.Pdgfra
O20_1_Nuclei_NeuNN_H200_1030_MTG_layer1_BCH7,g3_g18_GPNMB_OPC.Pdgfra,13,13. g3_g18_GPNMB_OPC.Pdgfra
O21_BCH1_1NeuNN_H200.1030_MTG_layer_1,g3_g18_GPNMB_OPC.Pdgfra,13,13. g3_g18_GPNMB_OPC.Pdgfra
O23_1_Nuclei_NeuNN_H200_1030_MTG_layer1_BCH7,g3_g18_GPNMB_OPC.Pdgfra,13,13. g3_g18_GPNMB_OPC.Pdgfra
P02_1_Nuclei_NeuNN_H200_1025_MTG_layer1_BCH7,g3_g18_GPNMB_OPC.Pdgfra,13,13. g3_g18_GPNMB_OPC.Pdgfra
P02_1_Nuclei_NeuNN_H200_1030_MTG_layer1_BCH8,g3_g18_GPNMB_OPC.Pdgfra,13,13. g3_g18_GPNMB_OPC.Pdgfra
P03_1_Nuclei_NeuNN_H200_1025_MTG_layer1_BCH6,g3_g18_GPNMB_OPC.Pdgfra,13,13. g3_g18_GPNMB_OPC.Pdgfra
P04_1_Nuclei_NeuNN_H200_1025_MTG_layer1_BCH6,g3_g18_GPNMB_OPC.Pdgfra,13,13. g3_g18_GPNMB_OPC.Pdgfra
P05_1_Nuclei_NeuNN_H200_1025_MTG_layer1_BCH6,g3_g18_GPNMB_OPC.Pdgfra,13,13. g3_g18_GPNMB_OPC.Pdgfra
P06_1_Nuclei_NeuNN_H200_1030_MTG_layer1_BCH8,g3_g18_GPNMB_OPC.Pdgfra,13,13. g3_g18_GPNMB_OPC.Pdgfra
P07_BCH1_1NeuNN_H200.1025_MTG_layer_1,g3_g18_GPNMB_OPC.Pdgfra,13,13. g3_g18_GPNMB_OPC.Pdgfra
P08_1_Nuclei_NeuNN_H200_1025_MTG_layer1_BCH7,g3_g18_GPNMB_OPC.Pdgfra,13,13. g3_g18_GPNMB_OPC.Pdgfra
P09_BCH1_1NeuNN_H200.1025_MTG_layer_1,g3_g18_GPNMB_OPC.Pdgfra,13,13. g3_g18_GPNMB_OPC.Pdgfra
P10_BCH1_1NeuNN_H200.1025_MTG_layer_1,g3_g18_GPNMB_OPC.Pdgfra,13,13. g3_g18_GPNMB_OPC.Pdgfra
G06_BCH1_1NeuNN_H200.1025_MTG_layer_1,g4_g9_MOG_Oligo.Opalin,15,15. g4_g9_MOG_Oligo.Opalin
O04_BCH1_1NeuNN_H200.1025_MTG_layer_1,g4_g9_MOG_Oligo.Opalin,15,15. g4_g9_MOG_Oligo.Opalin
O05_BCH3_1NeuNN_H200.1030_MTG_Layer_1,g4_g9_MOG_Oligo.Opalin,15,15. g4_g9_MOG_Oligo.Opalin
O14_1_Nuclei_NeuNN_H200_1030_MTG_layer1_BCH7,g4_g9_MOG_Oligo.Opalin,15,15. g4_g9_MOG_Oligo.Opalin
O16_1_Nuclei_NeuNN_H200_1030_MTG_layer1_BCH5,g4_g9_MOG_Oligo.Opalin,15,15. g4_g9_MOG_Oligo.Opalin
O17_1_Nuclei_NeuNN_H200_1030_MTG_layer1_BCH5,g4_g9_MOG_Oligo.Opalin,15,15. g4_g9_MOG_Oligo.Opalin
O19_1_Nuclei_NeuNN_H200_1030_MTG_layer1_BCH5,g4_g9_MOG_Oligo.Opalin,15,15. g4_g9_MOG_Oligo.Opalin
P04_1_Nuclei_NeuNN_H200_1025_MTG_layer1_BCH7,g4_g9_MOG_Oligo.Opalin,15,15. g4_g9_MOG_Oligo.Opalin
P05_1_Nuclei_NeuNN_H200_1025_MTG_layer1_BCH9,g4_g9_MOG_Oligo.Opalin,15,15. g4_g9_MOG_Oligo.Opalin
A04_1_Nuclei_NeuNP_H200_1025_MTG_layer1_BCH9,i1_i90_COL5A2_Ndnf.Car4,02,02. i1_i90_COL5A2_Ndnf.Car4
A06_1_Nuclei_NeuNP_H200_1025_MTG_layer1_BCH9,i1_i90_COL5A2_Ndnf.Car4,02,02. i1_i90_COL5A2_Ndnf.Car4
A13_1_Nuclei_NeuNP_H200_1030_MTG_layer1_BCH5,i1_i90_COL5A2_Ndnf.Car4,02,02. i1_i90_COL5A2_Ndnf.Car4
A14_1_Nuclei_NeuNP_H200_1030_MTG_layer1_BCH7,i1_i90_COL5A2_Ndnf.Car4,02,02. i1_i90_COL5A2_Ndnf.Car4
A15_1_Nuclei_NeuNP_H200_1030_MTG_layer1_BCH7,i1_i90_COL5A2_Ndnf.Car4,02,02. i1_i90_COL5A2_Ndnf.Car4
A21_1_Nuclei_NeuNP_H200_1030_MTG_layer1_BCH7,i1_i90_COL5A2_Ndnf.Car4,02,02. i1_i90_COL5A2_Ndnf.Car4
A24_1_Nuclei_NeuNP_H200_1030_MTG_layer1_BCH5,i1_i90_COL5A2_Ndnf.Car4,02,02. i1_i90_COL5A2_Ndnf.Car4
A24_1_Nuclei_NeuNP_H200_1030_MTG_layer1_BCH7,i1_i90_COL5A2_Ndnf.Car4,02,02. i1_i90_COL5A2_Ndnf.Car4
B02_1_Nuclei_NeuNP_H200_1025_MTG_layer1_BCH7,i1_i90_COL5A2_Ndnf.Car4,02,02. i1_i90_COL5A2_Ndnf.Car4
B03_1_Nuclei_NeuNP_H200_1025_MTG_layer1_BCH6,i1_i90_COL5A2_Ndnf.Car4,02,02. i1_i90_COL5A2_Ndnf.Car4
B04_1_Nuclei_NeuNP_H200_1030_MTG_layer1_BCH8,i1_i90_COL5A2_Ndnf.Car4,02,02. i1_i90_COL5A2_Ndnf.Car4
B10_BCH1_1NeuNP_H200.1025_MTG_layer_1,i1_i90_COL5A2_Ndnf.Car4,02,02. i1_i90_COL5A2_Ndnf.Car4
C17_BCH3_1NeuNP_H200.1025_MTG_Layer_1,i1_i90_COL5A2_Ndnf.Car4,02,02. i1_i90_COL5A2_Ndnf.Car4
C18_1_Nuclei_NeuNP_H200_1030_MTG_layer1_BCH6,i1_i90_COL5A2_Ndnf.Car4,02,02. i1_i90_COL5A2_Ndnf.Car4
C22_1_Nuclei_NeuNP_H200_1030_MTG_layer1_BCH6,i1_i90_COL5A2_Ndnf.Car4,02,02. i1_i90_COL5A2_Ndnf.Car4
D06_1_Nuclei_NeuNP_H200_1025_MTG_layer1_BCH6,i1_i90_COL5A2_Ndnf.Car4,02,02. i1_i90_COL5A2_Ndnf.Car4
D08_1_Nuclei_NeuNP_H200_1030_MTG_layer1_BCH8,i1_i90_COL5A2_Ndnf.Car4,02,02. i1_i90_COL5A2_Ndnf.Car4
D12_1_Nuclei_NeuNP_H200_1025_MTG_layer1_BCH6,i1_i90_COL5A2_Ndnf.Car4,02,02. i1_i90_COL5A2_Ndnf.Car4
D12_BCH1_1NeuNP_H200.1025_MTG_layer_1,i1_i90_COL5A2_Ndnf.Car4,02,02. i1_i90_COL5A2_Ndnf.Car4
E01_1_Nuclei_NeuNP_H200_1025_MTG_layer1_BCH9,i1_i90_COL5A2_Ndnf.Car4,02,02. i1_i90_COL5A2_Ndnf.Car4
E03_BCH3_1NeuNP_H200.1030_MTG_Layer_1,i1_i90_COL5A2_Ndnf.Car4,02,02. i1_i90_COL5A2_Ndnf.Car4
E13_1_Nuclei_NeuNP_H200_1030_MTG_layer1_BCH5,i1_i90_COL5A2_Ndnf.Car4,02,02. i1_i90_COL5A2_Ndnf.Car4
E13_1_Nuclei_NeuNP_H200_1030_MTG_layer1_BCH6,i1_i90_COL5A2_Ndnf.Car4,02,02. i1_i90_COL5A2_Ndnf.Car4
E16_1_Nuclei_NeuNP_H200_1030_MTG_layer1_BCH5,i1_i90_COL5A2_Ndnf.Car4,02,02. i1_i90_COL5A2_Ndnf.Car4
E17_BCH3_1NeuNP_H200.1025_MTG_Layer_1,i1_i90_COL5A2_Ndnf.Car4,02,02. i1_i90_COL5A2_Ndnf.Car4
E18_1_Nuclei_NeuNP_H200_1030_MTG_layer1_BCH6,i1_i90_COL5A2_Ndnf.Car4,02,02. i1_i90_COL5A2_Ndnf.Car4
E20_BCH3_1NeuNP_H200.1025_MTG_Layer_1,i1_i90_COL5A2_Ndnf.Car4,02,02. i1_i90_COL5A2_Ndnf.Car4
E21_1_Nuclei_NeuNP_H200_1030_MTG_layer1_BCH7,i1_i90_COL5A2_Ndnf.Car4,02,02. i1_i90_COL5A2_Ndnf.Car4
E22_1_Nuclei_NeuNP_H200_1030_MTG_layer1_BCH6,i1_i90_COL5A2_Ndnf.Car4,02,02. i1_i90_COL5A2_Ndnf.Car4
F02_BCH1_1NeuNP_H200.1025_MTG_layer_1,i1_i90_COL5A2_Ndnf.Car4,02,02. i1_i90_COL5A2_Ndnf.Car4
F08_BCH1_1NeuNP_H200.1025_MTG_layer_1,i1_i90_COL5A2_Ndnf.Car4,02,02. i1_i90_COL5A2_Ndnf.Car4
F10_1_Nuclei_NeuNP_H200_1025_MTG_layer1_BCH6,i1_i90_COL5A2_Ndnf.Car4,02,02. i1_i90_COL5A2_Ndnf.Car4
F11_BCH1_1NeuNP_H200.1025_MTG_layer_1,i1_i90_COL5A2_Ndnf.Car4,02,02. i1_i90_COL5A2_Ndnf.Car4
G03_1_Nuclei_NeuNP_H200_1025_MTG_layer1_BCH9,i1_i90_COL5A2_Ndnf.Car4,02,02. i1_i90_COL5A2_Ndnf.Car4
G09_1_Nuclei_NeuNP_H200_1025_MTG_layer1_BCH9,i1_i90_COL5A2_Ndnf.Car4,02,02. i1_i90_COL5A2_Ndnf.Car4
G17_BCH3_1NeuNP_H200.1025_MTG_Layer_1,i1_i90_COL5A2_Ndnf.Car4,02,02. i1_i90_COL5A2_Ndnf.Car4
G21_1_Nuclei_NeuNP_H200_1030_MTG_layer1_BCH6,i1_i90_COL5A2_Ndnf.Car4,02,02. i1_i90_COL5A2_Ndnf.Car4
G22_1_Nuclei_NeuNP_H200_1030_MTG_layer1_BCH5,i1_i90_COL5A2_Ndnf.Car4,02,02. i1_i90_COL5A2_Ndnf.Car4
H02_1_Nuclei_NeuNP_H200_1030_MTG_layer1_BCH8,i1_i90_COL5A2_Ndnf.Car4,02,02. i1_i90_COL5A2_Ndnf.Car4
H04_1_Nuclei_NeuNP_H200_1025_MTG_layer1_BCH7,i1_i90_COL5A2_Ndnf.Car4,02,02. i1_i90_COL5A2_Ndnf.Car4
H04_BCH1_1NeuNP_H200.1025_MTG_layer_1,i1_i90_COL5A2_Ndnf.Car4,02,02. i1_i90_COL5A2_Ndnf.Car4
H06_1_Nuclei_NeuNP_H200_1025_MTG_layer1_BCH7,i1_i90_COL5A2_Ndnf.Car4,02,02. i1_i90_COL5A2_Ndnf.Car4
H06_1_Nuclei_NeuNP_H200_1025_MTG_layer1_BCH9,i1_i90_COL5A2_Ndnf.Car4,02,02. i1_i90_COL5A2_Ndnf.Car4
H08_1_Nuclei_NeuNP_H200_1025_MTG_layer1_BCH6,i1_i90_COL5A2_Ndnf.Car4,02,02. i1_i90_COL5A2_Ndnf.Car4
H08_1_Nuclei_NeuNP_H200_1025_MTG_layer1_BCH9,i1_i90_COL5A2_Ndnf.Car4,02,02. i1_i90_COL5A2_Ndnf.Car4
H09_1_Nuclei_NeuNP_H200_1025_MTG_layer1_BCH7,i1_i90_COL5A2_Ndnf.Car4,02,02. i1_i90_COL5A2_Ndnf.Car4
I14_1_Nuclei_NeuNP_H200_1030_MTG_layer1_BCH5,i1_i90_COL5A2_Ndnf.Car4,02,02. i1_i90_COL5A2_Ndnf.Car4
I14_1_Nuclei_NeuNP_H200_1030_MTG_layer1_BCH6,i1_i90_COL5A2_Ndnf.Car4,02,02. i1_i90_COL5A2_Ndnf.Car4
I15_1_Nuclei_NeuNP_H200_1030_MTG_layer1_BCH6,i1_i90_COL5A2_Ndnf.Car4,02,02. i1_i90_COL5A2_Ndnf.Car4
I16_1_Nuclei_NeuNP_H200_1030_MTG_layer1_BCH7,i1_i90_COL5A2_Ndnf.Car4,02,02. i1_i90_COL5A2_Ndnf.Car4
I16_BCH3_1NeuNP_H200.1025_MTG_Layer_1,i1_i90_COL5A2_Ndnf.Car4,02,02. i1_i90_COL5A2_Ndnf.Car4
I17_1_Nuclei_NeuNP_H200_1030_MTG_layer1_BCH6,i1_i90_COL5A2_Ndnf.Car4,02,02. i1_i90_COL5A2_Ndnf.Car4
I18_1_Nuclei_NeuNP_H200_1030_MTG_layer1_BCH5,i1_i90_COL5A2_Ndnf.Car4,02,02. i1_i90_COL5A2_Ndnf.Car4
I18_1_Nuclei_NeuNP_H200_1030_MTG_layer1_BCH7,i1_i90_COL5A2_Ndnf.Car4,02,02. i1_i90_COL5A2_Ndnf.Car4
I20_1_Nuclei_NeuNP_H200_1030_MTG_layer1_BCH7,i1_i90_COL5A2_Ndnf.Car4,02,02. i1_i90_COL5A2_Ndnf.Car4
I21_1_Nuclei_NeuNP_H200_1030_MTG_layer1_BCH7,i1_i90_COL5A2_Ndnf.Car4,02,02. i1_i90_COL5A2_Ndnf.Car4
I21_BCH1_1NeuNP_H200.1030_MTG_layer_1,i1_i90_COL5A2_Ndnf.Car4,02,02. i1_i90_COL5A2_Ndnf.Car4
I23_1_Nuclei_NeuNP_H200_1030_MTG_layer1_BCH7,i1_i90_COL5A2_Ndnf.Car4,02,02. i1_i90_COL5A2_Ndnf.Car4
J02_1_Nuclei_NeuNP_H200_1030_MTG_layer1_BCH8,i1_i90_COL5A2_Ndnf.Car4,02,02. i1_i90_COL5A2_Ndnf.Car4
J03_1_Nuclei_NeuNP_H200_1025_MTG_layer1_BCH6,i1_i90_COL5A2_Ndnf.Car4,02,02. i1_i90_COL5A2_Ndnf.Car4
J03_1_Nuclei_NeuNP_H200_1025_MTG_layer1_BCH9,i1_i90_COL5A2_Ndnf.Car4,02,02. i1_i90_COL5A2_Ndnf.Car4
J04_1_Nuclei_NeuNP_H200_1025_MTG_layer1_BCH6,i1_i90_COL5A2_Ndnf.Car4,02,02. i1_i90_COL5A2_Ndnf.Car4
J04_BCH1_1NeuNP_H200.1025_MTG_layer_1,i1_i90_COL5A2_Ndnf.Car4,02,02. i1_i90_COL5A2_Ndnf.Car4
K05_BCH1_1NeuNP_H200.1025_MTG_layer_1,i1_i90_COL5A2_Ndnf.Car4,02,02. i1_i90_COL5A2_Ndnf.Car4
K05_BCH3_1NeuNP_H200.1030_MTG_Layer_1,i1_i90_COL5A2_Ndnf.Car4,02,02. i1_i90_COL5A2_Ndnf.Car4
K13_1_Nuclei_NeuNP_H200_1030_MTG_layer1_BCH5,i1_i90_COL5A2_Ndnf.Car4,02,02. i1_i90_COL5A2_Ndnf.Car4
K13_1_Nuclei_NeuNP_H200_1030_MTG_layer1_BCH7,i1_i90_COL5A2_Ndnf.Car4,02,02. i1_i90_COL5A2_Ndnf.Car4
K14_1_Nuclei_NeuNP_H200_1030_MTG_layer1_BCH6,i1_i90_COL5A2_Ndnf.Car4,02,02. i1_i90_COL5A2_Ndnf.Car4
K18_1_Nuclei_NeuNP_H200_1030_MTG_layer1_BCH7,i1_i90_COL5A2_Ndnf.Car4,02,02. i1_i90_COL5A2_Ndnf.Car4
K21_BCH1_1NeuNP_H200.1030_MTG_layer_1,i1_i90_COL5A2_Ndnf.Car4,02,02. i1_i90_COL5A2_Ndnf.Car4
K22_1_Nuclei_NeuNP_H200_1030_MTG_layer1_BCH5,i1_i90_COL5A2_Ndnf.Car4,02,02. i1_i90_COL5A2_Ndnf.Car4
K22_1_Nuclei_NeuNP_H200_1030_MTG_layer1_BCH7,i1_i90_COL5A2_Ndnf.Car4,02,02. i1_i90_COL5A2_Ndnf.Car4
K24_1_Nuclei_NeuNP_H200_1030_MTG_layer1_BCH7,i1_i90_COL5A2_Ndnf.Car4,02,02. i1_i90_COL5A2_Ndnf.Car4
L01_1_Nuclei_NeuNP_H200_1025_MTG_layer1_BCH6,i1_i90_COL5A2_Ndnf.Car4,02,02. i1_i90_COL5A2_Ndnf.Car4
L01_1_Nuclei_NeuNP_H200_1030_MTG_layer1_BCH8,i1_i90_COL5A2_Ndnf.Car4,02,02. i1_i90_COL5A2_Ndnf.Car4
L06_BCH1_1NeuNP_H200.1025_MTG_layer_1,i1_i90_COL5A2_Ndnf.Car4,02,02. i1_i90_COL5A2_Ndnf.Car4
L08_1_Nuclei_NeuNP_H200_1025_MTG_layer1_BCH9,i1_i90_COL5A2_Ndnf.Car4,02,02. i1_i90_COL5A2_Ndnf.Car4
L10_1_Nuclei_NeuNP_H200_1025_MTG_layer1_BCH6,i1_i90_COL5A2_Ndnf.Car4,02,02. i1_i90_COL5A2_Ndnf.Car4
L10_1_Nuclei_NeuNP_H200_1025_MTG_layer1_BCH7,i1_i90_COL5A2_Ndnf.Car4,02,02. i1_i90_COL5A2_Ndnf.Car4
L11_BCH1_1NeuNP_H200.1025_MTG_layer_1,i1_i90_COL5A2_Ndnf.Car4,02,02. i1_i90_COL5A2_Ndnf.Car4
M05_BCH1_1NeuNP_H200.1025_MTG_layer_1,i1_i90_COL5A2_Ndnf.Car4,02,02. i1_i90_COL5A2_Ndnf.Car4
M13_1_Nuclei_NeuNP_H200_1030_MTG_layer1_BCH5,i1_i90_COL5A2_Ndnf.Car4,02,02. i1_i90_COL5A2_Ndnf.Car4
M20_BCH1_1NeuNP_H200.1030_MTG_layer_1,i1_i90_COL5A2_Ndnf.Car4,02,02. i1_i90_COL5A2_Ndnf.Car4
M21_BCH3_1NeuNP_H200.1025_MTG_Layer_1,i1_i90_COL5A2_Ndnf.Car4,02,02. i1_i90_COL5A2_Ndnf.Car4
M23_1_Nuclei_NeuNP_H200_1030_MTG_layer1_BCH5,i1_i90_COL5A2_Ndnf.Car4,02,02. i1_i90_COL5A2_Ndnf.Car4
N02_BCH1_1NeuNP_H200.1025_MTG_layer_1,i1_i90_COL5A2_Ndnf.Car4,02,02. i1_i90_COL5A2_Ndnf.Car4
N03_1_Nuclei_NeuNP_H200_1025_MTG_layer1_BCH6,i1_i90_COL5A2_Ndnf.Car4,02,02. i1_i90_COL5A2_Ndnf.Car4
N04_1_Nuclei_NeuNP_H200_1025_MTG_layer1_BCH9,i1_i90_COL5A2_Ndnf.Car4,02,02. i1_i90_COL5A2_Ndnf.Car4
N08_BCH1_1NeuNP_H200.1025_MTG_layer_1,i1_i90_COL5A2_Ndnf.Car4,02,02. i1_i90_COL5A2_Ndnf.Car4
N11_BCH1_1NeuNP_H200.1025_MTG_layer_1,i1_i90_COL5A2_Ndnf.Car4,02,02. i1_i90_COL5A2_Ndnf.Car4
A03_1_Nuclei_NeuNP_H200_1025_MTG_layer1_BCH9,i10_i16_TSPAN12_Vip.Mybpc1,06,06. i10_i16_TSPAN12_Vip.Mybpc1
A08_1_Nuclei_NeuNP_H200_1025_MTG_layer1_BCH9,i10_i16_TSPAN12_Vip.Mybpc1,06,06. i10_i16_TSPAN12_Vip.Mybpc1
A15_1_Nuclei_NeuNP_H200_1030_MTG_layer1_BCH5,i10_i16_TSPAN12_Vip.Mybpc1,06,06. i10_i16_TSPAN12_Vip.Mybpc1
B12_1_Nuclei_NeuNP_H200_1025_MTG_layer1_BCH6,i10_i16_TSPAN12_Vip.Mybpc1,06,06. i10_i16_TSPAN12_Vip.Mybpc1
C24_BCH1_1NeuNP_H200.1030_MTG_layer_1,i10_i16_TSPAN12_Vip.Mybpc1,06,06. i10_i16_TSPAN12_Vip.Mybpc1
E03_BCH1_1NeuNP_H200.1025_MTG_layer_1,i10_i16_TSPAN12_Vip.Mybpc1,06,06. i10_i16_TSPAN12_Vip.Mybpc1
F03_1_Nuclei_NeuNP_H200_1025_MTG_layer1_BCH7,i10_i16_TSPAN12_Vip.Mybpc1,06,06. i10_i16_TSPAN12_Vip.Mybpc1
F07_1_Nuclei_NeuNP_H200_1025_MTG_layer1_BCH9,i10_i16_TSPAN12_Vip.Mybpc1,06,06. i10_i16_TSPAN12_Vip.Mybpc1
F12_1_Nuclei_NeuNP_H200_1025_MTG_layer1_BCH9,i10_i16_TSPAN12_Vip.Mybpc1,06,06. i10_i16_TSPAN12_Vip.Mybpc1
G14_BCH1_1NeuNP_H200.1030_MTG_layer_1,i10_i16_TSPAN12_Vip.Mybpc1,06,06. i10_i16_TSPAN12_Vip.Mybpc1
G16_1_Nuclei_NeuNP_H200_1030_MTG_layer1_BCH5,i10_i16_TSPAN12_Vip.Mybpc1,06,06. i10_i16_TSPAN12_Vip.Mybpc1
J04_1_Nuclei_NeuNP_H200_1025_MTG_layer1_BCH7,i10_i16_TSPAN12_Vip.Mybpc1,06,06. i10_i16_TSPAN12_Vip.Mybpc1
L06_1_Nuclei_NeuNP_H200_1025_MTG_layer1_BCH9,i10_i16_TSPAN12_Vip.Mybpc1,06,06. i10_i16_TSPAN12_Vip.Mybpc1
L09_1_Nuclei_NeuNP_H200_1025_MTG_layer1_BCH6,i10_i16_TSPAN12_Vip.Mybpc1,06,06. i10_i16_TSPAN12_Vip.Mybpc1
M03_BCH1_1NeuNP_H200.1025_MTG_layer_1,i10_i16_TSPAN12_Vip.Mybpc1,06,06. i10_i16_TSPAN12_Vip.Mybpc1
N09_1_Nuclei_NeuNP_H200_1030_MTG_layer1_BCH8,i10_i16_TSPAN12_Vip.Mybpc1,06,06. i10_i16_TSPAN12_Vip.Mybpc1
A15_BCH1_1NeuNP_H200.1030_MTG_layer_1,i11_i6_EGF_Vip.Mybpc1,07,07. i11_i6_EGF_Vip.Mybpc1
A24_1_Nuclei_NeuNP_H200_1030_MTG_layer1_BCH6,i11_i6_EGF_Vip.Mybpc1,07,07. i11_i6_EGF_Vip.Mybpc1
B04_BCH1_1NeuNP_H200.1025_MTG_layer_1,i11_i6_EGF_Vip.Mybpc1,07,07. i11_i6_EGF_Vip.Mybpc1
D10_1_Nuclei_NeuNP_H200_1025_MTG_layer1_BCH7,i11_i6_EGF_Vip.Mybpc1,07,07. i11_i6_EGF_Vip.Mybpc1
F01_1_Nuclei_NeuNP_H200_1025_MTG_layer1_BCH9,i11_i6_EGF_Vip.Mybpc1,07,07. i11_i6_EGF_Vip.Mybpc1
F03_1_Nuclei_NeuNP_H200_1025_MTG_layer1_BCH9,i11_i6_EGF_Vip.Mybpc1,07,07. i11_i6_EGF_Vip.Mybpc1
A01_1_Nuclei_NeuNP_H200_1025_MTG_layer1_BCH9,i2_i77_LHX6_Sst.Cbln4,11,11. i2_i77_LHX6_Sst.Cbln4
A12_1_Nuclei_NeuNP_H200_1025_MTG_layer1_BCH9,i2_i77_LHX6_Sst.Cbln4,11,11. i2_i77_LHX6_Sst.Cbln4
B04_1_Nuclei_NeuNP_H200_1025_MTG_layer1_BCH6,i2_i77_LHX6_Sst.Cbln4,11,11. i2_i77_LHX6_Sst.Cbln4
B04_1_Nuclei_NeuNP_H200_1025_MTG_layer1_BCH9,i2_i77_LHX6_Sst.Cbln4,11,11. i2_i77_LHX6_Sst.Cbln4
B05_1_Nuclei_NeuNP_H200_1025_MTG_layer1_BCH6,i2_i77_LHX6_Sst.Cbln4,11,11. i2_i77_LHX6_Sst.Cbln4
B06_1_Nuclei_NeuNP_H200_1025_MTG_layer1_BCH6,i2_i77_LHX6_Sst.Cbln4,11,11. i2_i77_LHX6_Sst.Cbln4
B06_1_Nuclei_NeuNP_H200_1025_MTG_layer1_BCH7,i2_i77_LHX6_Sst.Cbln4,11,11. i2_i77_LHX6_Sst.Cbln4
B07_BCH1_1NeuNP_H200.1025_MTG_layer_1,i2_i77_LHX6_Sst.Cbln4,11,11. i2_i77_LHX6_Sst.Cbln4
B11_1_Nuclei_NeuNP_H200_1025_MTG_layer1_BCH6,i2_i77_LHX6_Sst.Cbln4,11,11. i2_i77_LHX6_Sst.Cbln4
B11_1_Nuclei_NeuNP_H200_1030_MTG_layer1_BCH8,i2_i77_LHX6_Sst.Cbln4,11,11. i2_i77_LHX6_Sst.Cbln4
C01_BCH1_1NeuNP_H200.1025_MTG_layer_1,i2_i77_LHX6_Sst.Cbln4,11,11. i2_i77_LHX6_Sst.Cbln4
C02_BCH3_1NeuNP_H200.1030_MTG_Layer_1,i2_i77_LHX6_Sst.Cbln4,11,11. i2_i77_LHX6_Sst.Cbln4
C06_BCH1_1NeuNP_H200.1025_MTG_layer_1,i2_i77_LHX6_Sst.Cbln4,11,11. i2_i77_LHX6_Sst.Cbln4
C07_BCH1_1NeuNP_H200.1025_MTG_layer_1,i2_i77_LHX6_Sst.Cbln4,11,11. i2_i77_LHX6_Sst.Cbln4
C07_BCH3_1NeuNP_H200.1030_MTG_Layer_1,i2_i77_LHX6_Sst.Cbln4,11,11. i2_i77_LHX6_Sst.Cbln4
C10_1_Nuclei_NeuNP_H200_1025_MTG_layer1_BCH9,i2_i77_LHX6_Sst.Cbln4,11,11. i2_i77_LHX6_Sst.Cbln4
C16_1_Nuclei_NeuNP_H200_1030_MTG_layer1_BCH6,i2_i77_LHX6_Sst.Cbln4,11,11. i2_i77_LHX6_Sst.Cbln4
C18_1_Nuclei_NeuNP_H200_1030_MTG_layer1_BCH7,i2_i77_LHX6_Sst.Cbln4,11,11. i2_i77_LHX6_Sst.Cbln4
C22_BCH1_1NeuNP_H200.1030_MTG_layer_1,i2_i77_LHX6_Sst.Cbln4,11,11. i2_i77_LHX6_Sst.Cbln4
C23_BCH1_1NeuNP_H200.1030_MTG_layer_1,i2_i77_LHX6_Sst.Cbln4,11,11. i2_i77_LHX6_Sst.Cbln4
D01_1_Nuclei_NeuNP_H200_1025_MTG_layer1_BCH7,i2_i77_LHX6_Sst.Cbln4,11,11. i2_i77_LHX6_Sst.Cbln4
D01_BCH1_1NeuNP_H200.1025_MTG_layer_1,i2_i77_LHX6_Sst.Cbln4,11,11. i2_i77_LHX6_Sst.Cbln4
D06_1_Nuclei_NeuNP_H200_1025_MTG_layer1_BCH7,i2_i77_LHX6_Sst.Cbln4,11,11. i2_i77_LHX6_Sst.Cbln4
D09_1_Nuclei_NeuNP_H200_1025_MTG_layer1_BCH9,i2_i77_LHX6_Sst.Cbln4,11,11. i2_i77_LHX6_Sst.Cbln4
D12_1_Nuclei_NeuNP_H200_1025_MTG_layer1_BCH9,i2_i77_LHX6_Sst.Cbln4,11,11. i2_i77_LHX6_Sst.Cbln4
E01_BCH1_1NeuNP_H200.1025_MTG_layer_1,i2_i77_LHX6_Sst.Cbln4,11,11. i2_i77_LHX6_Sst.Cbln4
E01_BCH3_1NeuNP_H200.1030_MTG_Layer_1,i2_i77_LHX6_Sst.Cbln4,11,11. i2_i77_LHX6_Sst.Cbln4
E04_BCH1_1NeuNP_H200.1025_MTG_layer_1,i2_i77_LHX6_Sst.Cbln4,11,11. i2_i77_LHX6_Sst.Cbln4
E06_1_Nuclei_NeuNP_H200_1025_MTG_layer1_BCH9,i2_i77_LHX6_Sst.Cbln4,11,11. i2_i77_LHX6_Sst.Cbln4
E06_BCH1_1NeuNP_H200.1025_MTG_layer_1,i2_i77_LHX6_Sst.Cbln4,11,11. i2_i77_LHX6_Sst.Cbln4
E08_1_Nuclei_NeuNP_H200_1025_MTG_layer1_BCH9,i2_i77_LHX6_Sst.Cbln4,11,11. i2_i77_LHX6_Sst.Cbln4
E11_1_Nuclei_NeuNP_H200_1025_MTG_layer1_BCH9,i2_i77_LHX6_Sst.Cbln4,11,11. i2_i77_LHX6_Sst.Cbln4
E13_1_Nuclei_NeuNP_H200_1030_MTG_layer1_BCH7,i2_i77_LHX6_Sst.Cbln4,11,11. i2_i77_LHX6_Sst.Cbln4
E14_BCH1_1NeuNP_H200.1030_MTG_layer_1,i2_i77_LHX6_Sst.Cbln4,11,11. i2_i77_LHX6_Sst.Cbln4
E15_1_Nuclei_NeuNP_H200_1030_MTG_layer1_BCH5,i2_i77_LHX6_Sst.Cbln4,11,11. i2_i77_LHX6_Sst.Cbln4
E22_1_Nuclei_NeuNP_H200_1030_MTG_layer1_BCH7,i2_i77_LHX6_Sst.Cbln4,11,11. i2_i77_LHX6_Sst.Cbln4
E23_1_Nuclei_NeuNP_H200_1030_MTG_layer1_BCH7,i2_i77_LHX6_Sst.Cbln4,11,11. i2_i77_LHX6_Sst.Cbln4
G08_1_Nuclei_NeuNP_H200_1025_MTG_layer1_BCH9,i2_i77_LHX6_Sst.Cbln4,11,11. i2_i77_LHX6_Sst.Cbln4
G13_1_Nuclei_NeuNP_H200_1030_MTG_layer1_BCH5,i2_i77_LHX6_Sst.Cbln4,11,11. i2_i77_LHX6_Sst.Cbln4
G13_1_Nuclei_NeuNP_H200_1030_MTG_layer1_BCH7,i2_i77_LHX6_Sst.Cbln4,11,11. i2_i77_LHX6_Sst.Cbln4
G16_BCH3_1NeuNP_H200.1025_MTG_Layer_1,i2_i77_LHX6_Sst.Cbln4,11,11. i2_i77_LHX6_Sst.Cbln4
G24_1_Nuclei_NeuNP_H200_1030_MTG_layer1_BCH5,i2_i77_LHX6_Sst.Cbln4,11,11. i2_i77_LHX6_Sst.Cbln4
H01_1_Nuclei_NeuNP_H200_1025_MTG_layer1_BCH6,i2_i77_LHX6_Sst.Cbln4,11,11. i2_i77_LHX6_Sst.Cbln4
H03_1_Nuclei_NeuNP_H200_1025_MTG_layer1_BCH6,i2_i77_LHX6_Sst.Cbln4,11,11. i2_i77_LHX6_Sst.Cbln4
H03_1_Nuclei_NeuNP_H200_1030_MTG_layer1_BCH8,i2_i77_LHX6_Sst.Cbln4,11,11. i2_i77_LHX6_Sst.Cbln4
H11_1_Nuclei_NeuNP_H200_1025_MTG_layer1_BCH7,i2_i77_LHX6_Sst.Cbln4,11,11. i2_i77_LHX6_Sst.Cbln4
I06_1_Nuclei_NeuNP_H200_1025_MTG_layer1_BCH9,i2_i77_LHX6_Sst.Cbln4,11,11. i2_i77_LHX6_Sst.Cbln4
I10_1_Nuclei_NeuNP_H200_1025_MTG_layer1_BCH9,i2_i77_LHX6_Sst.Cbln4,11,11. i2_i77_LHX6_Sst.Cbln4
I24_BCH3_1NeuNP_H200.1025_MTG_Layer_1,i2_i77_LHX6_Sst.Cbln4,11,11. i2_i77_LHX6_Sst.Cbln4
J02_1_Nuclei_NeuNP_H200_1025_MTG_layer1_BCH6,i2_i77_LHX6_Sst.Cbln4,11,11. i2_i77_LHX6_Sst.Cbln4
J03_1_Nuclei_NeuNP_H200_1025_MTG_layer1_BCH7,i2_i77_LHX6_Sst.Cbln4,11,11. i2_i77_LHX6_Sst.Cbln4
J03_1_Nuclei_NeuNP_H200_1030_MTG_layer1_BCH8,i2_i77_LHX6_Sst.Cbln4,11,11. i2_i77_LHX6_Sst.Cbln4
J05_BCH1_1NeuNP_H200.1025_MTG_layer_1,i2_i77_LHX6_Sst.Cbln4,11,11. i2_i77_LHX6_Sst.Cbln4
J07_1_Nuclei_NeuNP_H200_1025_MTG_layer1_BCH7,i2_i77_LHX6_Sst.Cbln4,11,11. i2_i77_LHX6_Sst.Cbln4
J11_1_Nuclei_NeuNP_H200_1025_MTG_layer1_BCH6,i2_i77_LHX6_Sst.Cbln4,11,11. i2_i77_LHX6_Sst.Cbln4
J11_BCH1_1NeuNP_H200.1025_MTG_layer_1,i2_i77_LHX6_Sst.Cbln4,11,11. i2_i77_LHX6_Sst.Cbln4
J12_BCH1_1NeuNP_H200.1025_MTG_layer_1,i2_i77_LHX6_Sst.Cbln4,11,11. i2_i77_LHX6_Sst.Cbln4
K01_BCH1_1NeuNP_H200.1025_MTG_layer_1,i2_i77_LHX6_Sst.Cbln4,11,11. i2_i77_LHX6_Sst.Cbln4
K05_1_Nuclei_NeuNP_H200_1025_MTG_layer1_BCH9,i2_i77_LHX6_Sst.Cbln4,11,11. i2_i77_LHX6_Sst.Cbln4
K08_1_Nuclei_NeuNP_H200_1025_MTG_layer1_BCH9,i2_i77_LHX6_Sst.Cbln4,11,11. i2_i77_LHX6_Sst.Cbln4
K10_1_Nuclei_NeuNP_H200_1025_MTG_layer1_BCH9,i2_i77_LHX6_Sst.Cbln4,11,11. i2_i77_LHX6_Sst.Cbln4
K23_1_Nuclei_NeuNP_H200_1030_MTG_layer1_BCH7,i2_i77_LHX6_Sst.Cbln4,11,11. i2_i77_LHX6_Sst.Cbln4
L03_1_Nuclei_NeuNP_H200_1025_MTG_layer1_BCH7,i2_i77_LHX6_Sst.Cbln4,11,11. i2_i77_LHX6_Sst.Cbln4
L05_1_Nuclei_NeuNP_H200_1025_MTG_layer1_BCH7,i2_i77_LHX6_Sst.Cbln4,11,11. i2_i77_LHX6_Sst.Cbln4
L11_1_Nuclei_NeuNP_H200_1025_MTG_layer1_BCH6,i2_i77_LHX6_Sst.Cbln4,11,11. i2_i77_LHX6_Sst.Cbln4
L11_1_Nuclei_NeuNP_H200_1025_MTG_layer1_BCH7,i2_i77_LHX6_Sst.Cbln4,11,11. i2_i77_LHX6_Sst.Cbln4
M11_1_Nuclei_NeuNP_H200_1025_MTG_layer1_BCH9,i2_i77_LHX6_Sst.Cbln4,11,11. i2_i77_LHX6_Sst.Cbln4
M13_BCH3_1NeuNP_H200.1025_MTG_Layer_1,i2_i77_LHX6_Sst.Cbln4,11,11. i2_i77_LHX6_Sst.Cbln4
M14_1_Nuclei_NeuNP_H200_1030_MTG_layer1_BCH7,i2_i77_LHX6_Sst.Cbln4,11,11. i2_i77_LHX6_Sst.Cbln4
N01_1_Nuclei_NeuNP_H200_1025_MTG_layer1_BCH6,i2_i77_LHX6_Sst.Cbln4,11,11. i2_i77_LHX6_Sst.Cbln4
N05_1_Nuclei_NeuNP_H200_1025_MTG_layer1_BCH6,i2_i77_LHX6_Sst.Cbln4,11,11. i2_i77_LHX6_Sst.Cbln4
N05_1_Nuclei_NeuNP_H200_1025_MTG_layer1_BCH9,i2_i77_LHX6_Sst.Cbln4,11,11. i2_i77_LHX6_Sst.Cbln4
N06_1_Nuclei_NeuNP_H200_1025_MTG_layer1_BCH7,i2_i77_LHX6_Sst.Cbln4,11,11. i2_i77_LHX6_Sst.Cbln4
N08_1_Nuclei_NeuNP_H200_1025_MTG_layer1_BCH6,i2_i77_LHX6_Sst.Cbln4,11,11. i2_i77_LHX6_Sst.Cbln4
N09_1_Nuclei_NeuNP_H200_1025_MTG_layer1_BCH6,i2_i77_LHX6_Sst.Cbln4,11,11. i2_i77_LHX6_Sst.Cbln4
N09_1_Nuclei_NeuNP_H200_1025_MTG_layer1_BCH9,i2_i77_LHX6_Sst.Cbln4,11,11. i2_i77_LHX6_Sst.Cbln4
N10_1_Nuclei_NeuNP_H200_1025_MTG_layer1_BCH9,i2_i77_LHX6_Sst.Cbln4,11,11. i2_i77_LHX6_Sst.Cbln4
A09_1_Nuclei_NeuNP_H200_1025_MTG_layer1_BCH9,i3_i56_BAGE2_Ndnf.Cxcl14,05,05. i3_i56_BAGE2_Ndnf.Cxcl14
A14_1_Nuclei_NeuNP_H200_1030_MTG_layer1_BCH5,i3_i56_BAGE2_Ndnf.Cxcl14,05,05. i3_i56_BAGE2_Ndnf.Cxcl14
A18_1_Nuclei_NeuNP_H200_1030_MTG_layer1_BCH6,i3_i56_BAGE2_Ndnf.Cxcl14,05,05. i3_i56_BAGE2_Ndnf.Cxcl14
A19_1_Nuclei_NeuNP_H200_1030_MTG_layer1_BCH5,i3_i56_BAGE2_Ndnf.Cxcl14,05,05. i3_i56_BAGE2_Ndnf.Cxcl14
A23_BCH1_1NeuNP_H200.1030_MTG_layer_1,i3_i56_BAGE2_Ndnf.Cxcl14,05,05. i3_i56_BAGE2_Ndnf.Cxcl14
B02_1_Nuclei_NeuNP_H200_1030_MTG_layer1_BCH8,i3_i56_BAGE2_Ndnf.Cxcl14,05,05. i3_i56_BAGE2_Ndnf.Cxcl14
B09_1_Nuclei_NeuNP_H200_1025_MTG_layer1_BCH7,i3_i56_BAGE2_Ndnf.Cxcl14,05,05. i3_i56_BAGE2_Ndnf.Cxcl14
B10_1_Nuclei_NeuNP_H200_1030_MTG_layer1_BCH8,i3_i56_BAGE2_Ndnf.Cxcl14,05,05. i3_i56_BAGE2_Ndnf.Cxcl14
C03_BCH3_1NeuNP_H200.1030_MTG_Layer_1,i3_i56_BAGE2_Ndnf.Cxcl14,05,05. i3_i56_BAGE2_Ndnf.Cxcl14
C20_1_Nuclei_NeuNP_H200_1030_MTG_layer1_BCH6,i3_i56_BAGE2_Ndnf.Cxcl14,05,05. i3_i56_BAGE2_Ndnf.Cxcl14
C23_1_Nuclei_NeuNP_H200_1030_MTG_layer1_BCH5,i3_i56_BAGE2_Ndnf.Cxcl14,05,05. i3_i56_BAGE2_Ndnf.Cxcl14
C24_1_Nuclei_NeuNP_H200_1030_MTG_layer1_BCH5,i3_i56_BAGE2_Ndnf.Cxcl14,05,05. i3_i56_BAGE2_Ndnf.Cxcl14
D04_1_Nuclei_NeuNP_H200_1025_MTG_layer1_BCH9,i3_i56_BAGE2_Ndnf.Cxcl14,05,05. i3_i56_BAGE2_Ndnf.Cxcl14
D04_1_Nuclei_NeuNP_H200_1030_MTG_layer1_BCH8,i3_i56_BAGE2_Ndnf.Cxcl14,05,05. i3_i56_BAGE2_Ndnf.Cxcl14
D05_1_Nuclei_NeuNP_H200_1030_MTG_layer1_BCH8,i3_i56_BAGE2_Ndnf.Cxcl14,05,05. i3_i56_BAGE2_Ndnf.Cxcl14
D09_BCH1_1NeuNP_H200.1025_MTG_layer_1,i3_i56_BAGE2_Ndnf.Cxcl14,05,05. i3_i56_BAGE2_Ndnf.Cxcl14
D10_1_Nuclei_NeuNP_H200_1030_MTG_layer1_BCH8,i3_i56_BAGE2_Ndnf.Cxcl14,05,05. i3_i56_BAGE2_Ndnf.Cxcl14
D12_1_Nuclei_NeuNP_H200_1030_MTG_layer1_BCH8,i3_i56_BAGE2_Ndnf.Cxcl14,05,05. i3_i56_BAGE2_Ndnf.Cxcl14
E17_1_Nuclei_NeuNP_H200_1030_MTG_layer1_BCH7,i3_i56_BAGE2_Ndnf.Cxcl14,05,05. i3_i56_BAGE2_Ndnf.Cxcl14
E18_BCH1_1NeuNP_H200.1030_MTG_layer_1,i3_i56_BAGE2_Ndnf.Cxcl14,05,05. i3_i56_BAGE2_Ndnf.Cxcl14
F05_1_Nuclei_NeuNP_H200_1030_MTG_layer1_BCH8,i3_i56_BAGE2_Ndnf.Cxcl14,05,05. i3_i56_BAGE2_Ndnf.Cxcl14
F10_1_Nuclei_NeuNP_H200_1025_MTG_layer1_BCH7,i3_i56_BAGE2_Ndnf.Cxcl14,05,05. i3_i56_BAGE2_Ndnf.Cxcl14
F11_1_Nuclei_NeuNP_H200_1025_MTG_layer1_BCH9,i3_i56_BAGE2_Ndnf.Cxcl14,05,05. i3_i56_BAGE2_Ndnf.Cxcl14
F12_1_Nuclei_NeuNP_H200_1025_MTG_layer1_BCH6,i3_i56_BAGE2_Ndnf.Cxcl14,05,05. i3_i56_BAGE2_Ndnf.Cxcl14
G05_1_Nuclei_NeuNP_H200_1025_MTG_layer1_BCH9,i3_i56_BAGE2_Ndnf.Cxcl14,05,05. i3_i56_BAGE2_Ndnf.Cxcl14
G20_1_Nuclei_NeuNP_H200_1030_MTG_layer1_BCH6,i3_i56_BAGE2_Ndnf.Cxcl14,05,05. i3_i56_BAGE2_Ndnf.Cxcl14
G21_BCH1_1NeuNP_H200.1030_MTG_layer_1,i3_i56_BAGE2_Ndnf.Cxcl14,05,05. i3_i56_BAGE2_Ndnf.Cxcl14
H07_1_Nuclei_NeuNP_H200_1030_MTG_layer1_BCH8,i3_i56_BAGE2_Ndnf.Cxcl14,05,05. i3_i56_BAGE2_Ndnf.Cxcl14
H08_BCH1_1NeuNP_H200.1025_MTG_layer_1,i3_i56_BAGE2_Ndnf.Cxcl14,05,05. i3_i56_BAGE2_Ndnf.Cxcl14
H12_1_Nuclei_NeuNP_H200_1025_MTG_layer1_BCH7,i3_i56_BAGE2_Ndnf.Cxcl14,05,05. i3_i56_BAGE2_Ndnf.Cxcl14
I14_BCH3_1NeuNP_H200.1025_MTG_Layer_1,i3_i56_BAGE2_Ndnf.Cxcl14,05,05. i3_i56_BAGE2_Ndnf.Cxcl14
I19_1_Nuclei_NeuNP_H200_1030_MTG_layer1_BCH5,i3_i56_BAGE2_Ndnf.Cxcl14,05,05. i3_i56_BAGE2_Ndnf.Cxcl14
J02_1_Nuclei_NeuNP_H200_1025_MTG_layer1_BCH7,i3_i56_BAGE2_Ndnf.Cxcl14,05,05. i3_i56_BAGE2_Ndnf.Cxcl14
J04_1_Nuclei_NeuNP_H200_1025_MTG_layer1_BCH9,i3_i56_BAGE2_Ndnf.Cxcl14,05,05. i3_i56_BAGE2_Ndnf.Cxcl14
J08_1_Nuclei_NeuNP_H200_1025_MTG_layer1_BCH7,i3_i56_BAGE2_Ndnf.Cxcl14,05,05. i3_i56_BAGE2_Ndnf.Cxcl14
J10_1_Nuclei_NeuNP_H200_1025_MTG_layer1_BCH9,i3_i56_BAGE2_Ndnf.Cxcl14,05,05. i3_i56_BAGE2_Ndnf.Cxcl14
K15_1_Nuclei_NeuNP_H200_1030_MTG_layer1_BCH5,i3_i56_BAGE2_Ndnf.Cxcl14,05,05. i3_i56_BAGE2_Ndnf.Cxcl14
K17_BCH1_1NeuNP_H200.1030_MTG_layer_1,i3_i56_BAGE2_Ndnf.Cxcl14,05,05. i3_i56_BAGE2_Ndnf.Cxcl14
K18_1_Nuclei_NeuNP_H200_1030_MTG_layer1_BCH5,i3_i56_BAGE2_Ndnf.Cxcl14,05,05. i3_i56_BAGE2_Ndnf.Cxcl14
K21_1_Nuclei_NeuNP_H200_1030_MTG_layer1_BCH5,i3_i56_BAGE2_Ndnf.Cxcl14,05,05. i3_i56_BAGE2_Ndnf.Cxcl14
K24_1_Nuclei_NeuNP_H200_1030_MTG_layer1_BCH6,i3_i56_BAGE2_Ndnf.Cxcl14,05,05. i3_i56_BAGE2_Ndnf.Cxcl14
L08_BCH1_1NeuNP_H200.1025_MTG_layer_1,i3_i56_BAGE2_Ndnf.Cxcl14,05,05. i3_i56_BAGE2_Ndnf.Cxcl14
M02_1_Nuclei_NeuNP_H200_1025_MTG_layer1_BCH9,i3_i56_BAGE2_Ndnf.Cxcl14,05,05. i3_i56_BAGE2_Ndnf.Cxcl14
M14_BCH1_1NeuNP_H200.1030_MTG_layer_1,i3_i56_BAGE2_Ndnf.Cxcl14,05,05. i3_i56_BAGE2_Ndnf.Cxcl14
M16_1_Nuclei_NeuNP_H200_1030_MTG_layer1_BCH7,i3_i56_BAGE2_Ndnf.Cxcl14,05,05. i3_i56_BAGE2_Ndnf.Cxcl14
M17_1_Nuclei_NeuNP_H200_1030_MTG_layer1_BCH7,i3_i56_BAGE2_Ndnf.Cxcl14,05,05. i3_i56_BAGE2_Ndnf.Cxcl14
M18_1_Nuclei_NeuNP_H200_1030_MTG_layer1_BCH7,i3_i56_BAGE2_Ndnf.Cxcl14,05,05. i3_i56_BAGE2_Ndnf.Cxcl14
M20_1_Nuclei_NeuNP_H200_1030_MTG_layer1_BCH7,i3_i56_BAGE2_Ndnf.Cxcl14,05,05. i3_i56_BAGE2_Ndnf.Cxcl14
M21_1_Nuclei_NeuNP_H200_1030_MTG_layer1_BCH6,i3_i56_BAGE2_Ndnf.Cxcl14,05,05. i3_i56_BAGE2_Ndnf.Cxcl14
M22_BCH1_1NeuNP_H200.1030_MTG_layer_1,i3_i56_BAGE2_Ndnf.Cxcl14,05,05. i3_i56_BAGE2_Ndnf.Cxcl14
M23_BCH1_1NeuNP_H200.1030_MTG_layer_1,i3_i56_BAGE2_Ndnf.Cxcl14,05,05. i3_i56_BAGE2_Ndnf.Cxcl14
N02_1_Nuclei_NeuNP_H200_1025_MTG_layer1_BCH6,i3_i56_BAGE2_Ndnf.Cxcl14,05,05. i3_i56_BAGE2_Ndnf.Cxcl14
N05_1_Nuclei_NeuNP_H200_1030_MTG_layer1_BCH8,i3_i56_BAGE2_Ndnf.Cxcl14,05,05. i3_i56_BAGE2_Ndnf.Cxcl14
N07_1_Nuclei_NeuNP_H200_1030_MTG_layer1_BCH8,i3_i56_BAGE2_Ndnf.Cxcl14,05,05. i3_i56_BAGE2_Ndnf.Cxcl14
N09_1_Nuclei_NeuNP_H200_1025_MTG_layer1_BCH7,i3_i56_BAGE2_Ndnf.Cxcl14,05,05. i3_i56_BAGE2_Ndnf.Cxcl14
N11_1_Nuclei_NeuNP_H200_1025_MTG_layer1_BCH6,i3_i56_BAGE2_Ndnf.Cxcl14,05,05. i3_i56_BAGE2_Ndnf.Cxcl14
A04_BCH3_1NeuNP_H200.1030_MTG_Layer_1,i4_i54_MC4R_Ndnf.Cxcl14,04,04. i4_i54_MC4R_Ndnf.Cxcl14
A07_BCH3_1NeuNP_H200.1030_MTG_Layer_1,i4_i54_MC4R_Ndnf.Cxcl14,04,04. i4_i54_MC4R_Ndnf.Cxcl14
A11_1_Nuclei_NeuNP_H200_1025_MTG_layer1_BCH9,i4_i54_MC4R_Ndnf.Cxcl14,04,04. i4_i54_MC4R_Ndnf.Cxcl14
A13_1_Nuclei_NeuNP_H200_1030_MTG_layer1_BCH7,i4_i54_MC4R_Ndnf.Cxcl14,04,04. i4_i54_MC4R_Ndnf.Cxcl14
A17_1_Nuclei_NeuNP_H200_1030_MTG_layer1_BCH5,i4_i54_MC4R_Ndnf.Cxcl14,04,04. i4_i54_MC4R_Ndnf.Cxcl14
A19_BCH1_1NeuNP_H200.1030_MTG_layer_1,i4_i54_MC4R_Ndnf.Cxcl14,04,04. i4_i54_MC4R_Ndnf.Cxcl14
B03_1_Nuclei_NeuNP_H200_1030_MTG_layer1_BCH8,i4_i54_MC4R_Ndnf.Cxcl14,04,04. i4_i54_MC4R_Ndnf.Cxcl14
B08_1_Nuclei_NeuNP_H200_1025_MTG_layer1_BCH7,i4_i54_MC4R_Ndnf.Cxcl14,04,04. i4_i54_MC4R_Ndnf.Cxcl14
C13_1_Nuclei_NeuNP_H200_1030_MTG_layer1_BCH5,i4_i54_MC4R_Ndnf.Cxcl14,04,04. i4_i54_MC4R_Ndnf.Cxcl14
C14_1_Nuclei_NeuNP_H200_1030_MTG_layer1_BCH6,i4_i54_MC4R_Ndnf.Cxcl14,04,04. i4_i54_MC4R_Ndnf.Cxcl14
C15_1_Nuclei_NeuNP_H200_1030_MTG_layer1_BCH7,i4_i54_MC4R_Ndnf.Cxcl14,04,04. i4_i54_MC4R_Ndnf.Cxcl14
C16_1_Nuclei_NeuNP_H200_1030_MTG_layer1_BCH7,i4_i54_MC4R_Ndnf.Cxcl14,04,04. i4_i54_MC4R_Ndnf.Cxcl14
C17_1_Nuclei_NeuNP_H200_1030_MTG_layer1_BCH7,i4_i54_MC4R_Ndnf.Cxcl14,04,04. i4_i54_MC4R_Ndnf.Cxcl14
D04_1_Nuclei_NeuNP_H200_1025_MTG_layer1_BCH7,i4_i54_MC4R_Ndnf.Cxcl14,04,04. i4_i54_MC4R_Ndnf.Cxcl14
D05_1_Nuclei_NeuNP_H200_1025_MTG_layer1_BCH9,i4_i54_MC4R_Ndnf.Cxcl14,04,04. i4_i54_MC4R_Ndnf.Cxcl14
D07_BCH1_1NeuNP_H200.1025_MTG_layer_1,i4_i54_MC4R_Ndnf.Cxcl14,04,04. i4_i54_MC4R_Ndnf.Cxcl14
E05_BCH1_1NeuNP_H200.1025_MTG_layer_1,i4_i54_MC4R_Ndnf.Cxcl14,04,04. i4_i54_MC4R_Ndnf.Cxcl14
E14_BCH3_1NeuNP_H200.1025_MTG_Layer_1,i4_i54_MC4R_Ndnf.Cxcl14,04,04. i4_i54_MC4R_Ndnf.Cxcl14
E17_BCH1_1NeuNP_H200.1030_MTG_layer_1,i4_i54_MC4R_Ndnf.Cxcl14,04,04. i4_i54_MC4R_Ndnf.Cxcl14
F07_1_Nuclei_NeuNP_H200_1025_MTG_layer1_BCH7,i4_i54_MC4R_Ndnf.Cxcl14,04,04. i4_i54_MC4R_Ndnf.Cxcl14
F10_1_Nuclei_NeuNP_H200_1030_MTG_layer1_BCH8,i4_i54_MC4R_Ndnf.Cxcl14,04,04. i4_i54_MC4R_Ndnf.Cxcl14
F12_BCH1_1NeuNP_H200.1025_MTG_layer_1,i4_i54_MC4R_Ndnf.Cxcl14,04,04. i4_i54_MC4R_Ndnf.Cxcl14
G15_BCH1_1NeuNP_H200.1030_MTG_layer_1,i4_i54_MC4R_Ndnf.Cxcl14,04,04. i4_i54_MC4R_Ndnf.Cxcl14
G17_1_Nuclei_NeuNP_H200_1030_MTG_layer1_BCH7,i4_i54_MC4R_Ndnf.Cxcl14,04,04. i4_i54_MC4R_Ndnf.Cxcl14
G18_1_Nuclei_NeuNP_H200_1030_MTG_layer1_BCH7,i4_i54_MC4R_Ndnf.Cxcl14,04,04. i4_i54_MC4R_Ndnf.Cxcl14
G18_BCH1_1NeuNP_H200.1030_MTG_layer_1,i4_i54_MC4R_Ndnf.Cxcl14,04,04. i4_i54_MC4R_Ndnf.Cxcl14
G21_1_Nuclei_NeuNP_H200_1030_MTG_layer1_BCH5,i4_i54_MC4R_Ndnf.Cxcl14,04,04. i4_i54_MC4R_Ndnf.Cxcl14
G22_1_Nuclei_NeuNP_H200_1030_MTG_layer1_BCH6,i4_i54_MC4R_Ndnf.Cxcl14,04,04. i4_i54_MC4R_Ndnf.Cxcl14
H04_1_Nuclei_NeuNP_H200_1025_MTG_layer1_BCH6,i4_i54_MC4R_Ndnf.Cxcl14,04,04. i4_i54_MC4R_Ndnf.Cxcl14
H05_1_Nuclei_NeuNP_H200_1030_MTG_layer1_BCH8,i4_i54_MC4R_Ndnf.Cxcl14,04,04. i4_i54_MC4R_Ndnf.Cxcl14
I13_BCH3_1NeuNP_H200.1025_MTG_Layer_1,i4_i54_MC4R_Ndnf.Cxcl14,04,04. i4_i54_MC4R_Ndnf.Cxcl14
I15_1_Nuclei_NeuNP_H200_1030_MTG_layer1_BCH5,i4_i54_MC4R_Ndnf.Cxcl14,04,04. i4_i54_MC4R_Ndnf.Cxcl14
I17_1_Nuclei_NeuNP_H200_1030_MTG_layer1_BCH5,i4_i54_MC4R_Ndnf.Cxcl14,04,04. i4_i54_MC4R_Ndnf.Cxcl14
I18_1_Nuclei_NeuNP_H200_1030_MTG_layer1_BCH6,i4_i54_MC4R_Ndnf.Cxcl14,04,04. i4_i54_MC4R_Ndnf.Cxcl14
I19_1_Nuclei_NeuNP_H200_1030_MTG_layer1_BCH6,i4_i54_MC4R_Ndnf.Cxcl14,04,04. i4_i54_MC4R_Ndnf.Cxcl14
I20_1_Nuclei_NeuNP_H200_1030_MTG_layer1_BCH5,i4_i54_MC4R_Ndnf.Cxcl14,04,04. i4_i54_MC4R_Ndnf.Cxcl14
I24_1_Nuclei_NeuNP_H200_1030_MTG_layer1_BCH5,i4_i54_MC4R_Ndnf.Cxcl14,04,04. i4_i54_MC4R_Ndnf.Cxcl14
I24_1_Nuclei_NeuNP_H200_1030_MTG_layer1_BCH6,i4_i54_MC4R_Ndnf.Cxcl14,04,04. i4_i54_MC4R_Ndnf.Cxcl14
J01_1_Nuclei_NeuNP_H200_1025_MTG_layer1_BCH7,i4_i54_MC4R_Ndnf.Cxcl14,04,04. i4_i54_MC4R_Ndnf.Cxcl14
J04_1_Nuclei_NeuNP_H200_1030_MTG_layer1_BCH8,i4_i54_MC4R_Ndnf.Cxcl14,04,04. i4_i54_MC4R_Ndnf.Cxcl14
J07_1_Nuclei_NeuNP_H200_1030_MTG_layer1_BCH8,i4_i54_MC4R_Ndnf.Cxcl14,04,04. i4_i54_MC4R_Ndnf.Cxcl14
J08_1_Nuclei_NeuNP_H200_1025_MTG_layer1_BCH9,i4_i54_MC4R_Ndnf.Cxcl14,04,04. i4_i54_MC4R_Ndnf.Cxcl14
J09_1_Nuclei_NeuNP_H200_1025_MTG_layer1_BCH9,i4_i54_MC4R_Ndnf.Cxcl14,04,04. i4_i54_MC4R_Ndnf.Cxcl14
K08_BCH1_1NeuNP_H200.1025_MTG_layer_1,i4_i54_MC4R_Ndnf.Cxcl14,04,04. i4_i54_MC4R_Ndnf.Cxcl14
K17_1_Nuclei_NeuNP_H200_1030_MTG_layer1_BCH7,i4_i54_MC4R_Ndnf.Cxcl14,04,04. i4_i54_MC4R_Ndnf.Cxcl14
K18_1_Nuclei_NeuNP_H200_1030_MTG_layer1_BCH6,i4_i54_MC4R_Ndnf.Cxcl14,04,04. i4_i54_MC4R_Ndnf.Cxcl14
K19_1_Nuclei_NeuNP_H200_1030_MTG_layer1_BCH5,i4_i54_MC4R_Ndnf.Cxcl14,04,04. i4_i54_MC4R_Ndnf.Cxcl14
K22_BCH1_1NeuNP_H200.1030_MTG_layer_1,i4_i54_MC4R_Ndnf.Cxcl14,04,04. i4_i54_MC4R_Ndnf.Cxcl14
L03_1_Nuclei_NeuNP_H200_1025_MTG_layer1_BCH6,i4_i54_MC4R_Ndnf.Cxcl14,04,04. i4_i54_MC4R_Ndnf.Cxcl14
L07_1_Nuclei_NeuNP_H200_1030_MTG_layer1_BCH8,i4_i54_MC4R_Ndnf.Cxcl14,04,04. i4_i54_MC4R_Ndnf.Cxcl14
L09_1_Nuclei_NeuNP_H200_1030_MTG_layer1_BCH8,i4_i54_MC4R_Ndnf.Cxcl14,04,04. i4_i54_MC4R_Ndnf.Cxcl14
M18_BCH3_1NeuNP_H200.1025_MTG_Layer_1,i4_i54_MC4R_Ndnf.Cxcl14,04,04. i4_i54_MC4R_Ndnf.Cxcl14
M22_1_Nuclei_NeuNP_H200_1030_MTG_layer1_BCH6,i4_i54_MC4R_Ndnf.Cxcl14,04,04. i4_i54_MC4R_Ndnf.Cxcl14
N10_BCH1_1NeuNP_H200.1025_MTG_layer_1,i4_i54_MC4R_Ndnf.Cxcl14,04,04. i4_i54_MC4R_Ndnf.Cxcl14
A01_BCH3_1NeuNP_H200.1030_MTG_Layer_1,i5_i47_TRPC3_Ndnf.Car4,03,03. i5_i47_TRPC3_Ndnf.Car4
A17_1_Nuclei_NeuNP_H200_1030_MTG_layer1_BCH6,i5_i47_TRPC3_Ndnf.Car4,03,03. i5_i47_TRPC3_Ndnf.Car4
A18_BCH3_1NeuNP_H200.1025_MTG_Layer_1,i5_i47_TRPC3_Ndnf.Car4,03,03. i5_i47_TRPC3_Ndnf.Car4
A19_1_Nuclei_NeuNP_H200_1030_MTG_layer1_BCH7,i5_i47_TRPC3_Ndnf.Car4,03,03. i5_i47_TRPC3_Ndnf.Car4
B09_1_Nuclei_NeuNP_H200_1025_MTG_layer1_BCH6,i5_i47_TRPC3_Ndnf.Car4,03,03. i5_i47_TRPC3_Ndnf.Car4
B10_1_Nuclei_NeuNP_H200_1025_MTG_layer1_BCH7,i5_i47_TRPC3_Ndnf.Car4,03,03. i5_i47_TRPC3_Ndnf.Car4
C08_1_Nuclei_NeuNP_H200_1025_MTG_layer1_BCH9,i5_i47_TRPC3_Ndnf.Car4,03,03. i5_i47_TRPC3_Ndnf.Car4
C08_BCH3_1NeuNP_H200.1030_MTG_Layer_1,i5_i47_TRPC3_Ndnf.Car4,03,03. i5_i47_TRPC3_Ndnf.Car4
C13_1_Nuclei_NeuNP_H200_1030_MTG_layer1_BCH6,i5_i47_TRPC3_Ndnf.Car4,03,03. i5_i47_TRPC3_Ndnf.Car4
C14_BCH3_1NeuNP_H200.1025_MTG_Layer_1,i5_i47_TRPC3_Ndnf.Car4,03,03. i5_i47_TRPC3_Ndnf.Car4
C17_BCH1_1NeuNP_H200.1030_MTG_layer_1,i5_i47_TRPC3_Ndnf.Car4,03,03. i5_i47_TRPC3_Ndnf.Car4
C20_1_Nuclei_NeuNP_H200_1030_MTG_layer1_BCH5,i5_i47_TRPC3_Ndnf.Car4,03,03. i5_i47_TRPC3_Ndnf.Car4
D03_1_Nuclei_NeuNP_H200_1025_MTG_layer1_BCH6,i5_i47_TRPC3_Ndnf.Car4,03,03. i5_i47_TRPC3_Ndnf.Car4
D11_BCH1_1NeuNP_H200.1025_MTG_layer_1,i5_i47_TRPC3_Ndnf.Car4,03,03. i5_i47_TRPC3_Ndnf.Car4
E18_1_Nuclei_NeuNP_H200_1030_MTG_layer1_BCH5,i5_i47_TRPC3_Ndnf.Car4,03,03. i5_i47_TRPC3_Ndnf.Car4
E20_1_Nuclei_NeuNP_H200_1030_MTG_layer1_BCH5,i5_i47_TRPC3_Ndnf.Car4,03,03. i5_i47_TRPC3_Ndnf.Car4
E21_1_Nuclei_NeuNP_H200_1030_MTG_layer1_BCH5,i5_i47_TRPC3_Ndnf.Car4,03,03. i5_i47_TRPC3_Ndnf.Car4
F09_BCH1_1NeuNP_H200.1025_MTG_layer_1,i5_i47_TRPC3_Ndnf.Car4,03,03. i5_i47_TRPC3_Ndnf.Car4
F10_1_Nuclei_NeuNP_H200_1025_MTG_layer1_BCH9,i5_i47_TRPC3_Ndnf.Car4,03,03. i5_i47_TRPC3_Ndnf.Car4
F12_1_Nuclei_NeuNP_H200_1025_MTG_layer1_BCH7,i5_i47_TRPC3_Ndnf.Car4,03,03. i5_i47_TRPC3_Ndnf.Car4
G10_1_Nuclei_NeuNP_H200_1025_MTG_layer1_BCH9,i5_i47_TRPC3_Ndnf.Car4,03,03. i5_i47_TRPC3_Ndnf.Car4
G19_BCH1_1NeuNP_H200.1030_MTG_layer_1,i5_i47_TRPC3_Ndnf.Car4,03,03. i5_i47_TRPC3_Ndnf.Car4
G20_BCH3_1NeuNP_H200.1025_MTG_Layer_1,i5_i47_TRPC3_Ndnf.Car4,03,03. i5_i47_TRPC3_Ndnf.Car4
H05_BCH1_1NeuNP_H200.1025_MTG_layer_1,i5_i47_TRPC3_Ndnf.Car4,03,03. i5_i47_TRPC3_Ndnf.Car4
H10_1_Nuclei_NeuNP_H200_1025_MTG_layer1_BCH7,i5_i47_TRPC3_Ndnf.Car4,03,03. i5_i47_TRPC3_Ndnf.Car4
H12_1_Nuclei_NeuNP_H200_1025_MTG_layer1_BCH6,i5_i47_TRPC3_Ndnf.Car4,03,03. i5_i47_TRPC3_Ndnf.Car4
I01_BCH3_1NeuNP_H200.1030_MTG_Layer_1,i5_i47_TRPC3_Ndnf.Car4,03,03. i5_i47_TRPC3_Ndnf.Car4
I03_BCH3_1NeuNP_H200.1030_MTG_Layer_1,i5_i47_TRPC3_Ndnf.Car4,03,03. i5_i47_TRPC3_Ndnf.Car4
I04_1_Nuclei_NeuNP_H200_1025_MTG_layer1_BCH9,i5_i47_TRPC3_Ndnf.Car4,03,03. i5_i47_TRPC3_Ndnf.Car4
I15_BCH1_1NeuNP_H200.1030_MTG_layer_1,i5_i47_TRPC3_Ndnf.Car4,03,03. i5_i47_TRPC3_Ndnf.Car4
I17_BCH1_1NeuNP_H200.1030_MTG_layer_1,i5_i47_TRPC3_Ndnf.Car4,03,03. i5_i47_TRPC3_Ndnf.Car4
I23_BCH1_1NeuNP_H200.1030_MTG_layer_1,i5_i47_TRPC3_Ndnf.Car4,03,03. i5_i47_TRPC3_Ndnf.Car4
J05_1_Nuclei_NeuNP_H200_1025_MTG_layer1_BCH6,i5_i47_TRPC3_Ndnf.Car4,03,03. i5_i47_TRPC3_Ndnf.Car4
J10_1_Nuclei_NeuNP_H200_1025_MTG_layer1_BCH6,i5_i47_TRPC3_Ndnf.Car4,03,03. i5_i47_TRPC3_Ndnf.Car4
K07_BCH3_1NeuNP_H200.1030_MTG_Layer_1,i5_i47_TRPC3_Ndnf.Car4,03,03. i5_i47_TRPC3_Ndnf.Car4
K09_1_Nuclei_NeuNP_H200_1025_MTG_layer1_BCH9,i5_i47_TRPC3_Ndnf.Car4,03,03. i5_i47_TRPC3_Ndnf.Car4
K12_1_Nuclei_NeuNP_H200_1025_MTG_layer1_BCH9,i5_i47_TRPC3_Ndnf.Car4,03,03. i5_i47_TRPC3_Ndnf.Car4
K19_BCH1_1NeuNP_H200.1030_MTG_layer_1,i5_i47_TRPC3_Ndnf.Car4,03,03. i5_i47_TRPC3_Ndnf.Car4
K24_1_Nuclei_NeuNP_H200_1030_MTG_layer1_BCH5,i5_i47_TRPC3_Ndnf.Car4,03,03. i5_i47_TRPC3_Ndnf.Car4
M02_BCH1_1NeuNP_H200.1025_MTG_layer_1,i5_i47_TRPC3_Ndnf.Car4,03,03. i5_i47_TRPC3_Ndnf.Car4
M04_BCH3_1NeuNP_H200.1030_MTG_Layer_1,i5_i47_TRPC3_Ndnf.Car4,03,03. i5_i47_TRPC3_Ndnf.Car4
M13_BCH1_1NeuNP_H200.1030_MTG_layer_1,i5_i47_TRPC3_Ndnf.Car4,03,03. i5_i47_TRPC3_Ndnf.Car4
M19_1_Nuclei_NeuNP_H200_1030_MTG_layer1_BCH6,i5_i47_TRPC3_Ndnf.Car4,03,03. i5_i47_TRPC3_Ndnf.Car4
M22_BCH3_1NeuNP_H200.1025_MTG_Layer_1,i5_i47_TRPC3_Ndnf.Car4,03,03. i5_i47_TRPC3_Ndnf.Car4
N01_1_Nuclei_NeuNP_H200_1025_MTG_layer1_BCH7,i5_i47_TRPC3_Ndnf.Car4,03,03. i5_i47_TRPC3_Ndnf.Car4
N03_1_Nuclei_NeuNP_H200_1030_MTG_layer1_BCH8,i5_i47_TRPC3_Ndnf.Car4,03,03. i5_i47_TRPC3_Ndnf.Car4
N07_1_Nuclei_NeuNP_H200_1025_MTG_layer1_BCH9,i5_i47_TRPC3_Ndnf.Car4,03,03. i5_i47_TRPC3_Ndnf.Car4
A06_BCH1_1NeuNP_H200.1025_MTG_layer_1,i6_i44_GPR149_Vip.Mybpc1,09,09. i6_i44_GPR149_Vip.Mybpc1
A14_BCH3_1NeuNP_H200.1025_MTG_Layer_1,i6_i44_GPR149_Vip.Mybpc1,09,09. i6_i44_GPR149_Vip.Mybpc1
A17_BCH1_1NeuNP_H200.1030_MTG_layer_1,i6_i44_GPR149_Vip.Mybpc1,09,09. i6_i44_GPR149_Vip.Mybpc1
A22_1_Nuclei_NeuNP_H200_1030_MTG_layer1_BCH6,i6_i44_GPR149_Vip.Mybpc1,09,09. i6_i44_GPR149_Vip.Mybpc1
A24_BCH3_1NeuNP_H200.1025_MTG_Layer_1,i6_i44_GPR149_Vip.Mybpc1,09,09. i6_i44_GPR149_Vip.Mybpc1
B01_1_Nuclei_NeuNP_H200_1025_MTG_layer1_BCH9,i6_i44_GPR149_Vip.Mybpc1,09,09. i6_i44_GPR149_Vip.Mybpc1
B08_1_Nuclei_NeuNP_H200_1025_MTG_layer1_BCH6,i6_i44_GPR149_Vip.Mybpc1,09,09. i6_i44_GPR149_Vip.Mybpc1
B11_1_Nuclei_NeuNP_H200_1025_MTG_layer1_BCH7,i6_i44_GPR149_Vip.Mybpc1,09,09. i6_i44_GPR149_Vip.Mybpc1
C01_BCH3_1NeuNP_H200.1030_MTG_Layer_1,i6_i44_GPR149_Vip.Mybpc1,09,09. i6_i44_GPR149_Vip.Mybpc1
C04_BCH1_1NeuNP_H200.1025_MTG_layer_1,i6_i44_GPR149_Vip.Mybpc1,09,09. i6_i44_GPR149_Vip.Mybpc1
C05_BCH3_1NeuNP_H200.1030_MTG_Layer_1,i6_i44_GPR149_Vip.Mybpc1,09,09. i6_i44_GPR149_Vip.Mybpc1
C16_BCH3_1NeuNP_H200.1025_MTG_Layer_1,i6_i44_GPR149_Vip.Mybpc1,09,09. i6_i44_GPR149_Vip.Mybpc1
C21_1_Nuclei_NeuNP_H200_1030_MTG_layer1_BCH5,i6_i44_GPR149_Vip.Mybpc1,09,09. i6_i44_GPR149_Vip.Mybpc1
D02_1_Nuclei_NeuNP_H200_1025_MTG_layer1_BCH6,i6_i44_GPR149_Vip.Mybpc1,09,09. i6_i44_GPR149_Vip.Mybpc1
D03_1_Nuclei_NeuNP_H200_1025_MTG_layer1_BCH9,i6_i44_GPR149_Vip.Mybpc1,09,09. i6_i44_GPR149_Vip.Mybpc1
D04_BCH1_1NeuNP_H200.1025_MTG_layer_1,i6_i44_GPR149_Vip.Mybpc1,09,09. i6_i44_GPR149_Vip.Mybpc1
D07_1_Nuclei_NeuNP_H200_1030_MTG_layer1_BCH8,i6_i44_GPR149_Vip.Mybpc1,09,09. i6_i44_GPR149_Vip.Mybpc1
D08_1_Nuclei_NeuNP_H200_1025_MTG_layer1_BCH9,i6_i44_GPR149_Vip.Mybpc1,09,09. i6_i44_GPR149_Vip.Mybpc1
D08_BCH1_1NeuNP_H200.1025_MTG_layer_1,i6_i44_GPR149_Vip.Mybpc1,09,09. i6_i44_GPR149_Vip.Mybpc1
D09_1_Nuclei_NeuNP_H200_1025_MTG_layer1_BCH6,i6_i44_GPR149_Vip.Mybpc1,09,09. i6_i44_GPR149_Vip.Mybpc1
E07_BCH3_1NeuNP_H200.1030_MTG_Layer_1,i6_i44_GPR149_Vip.Mybpc1,09,09. i6_i44_GPR149_Vip.Mybpc1
E15_1_Nuclei_NeuNP_H200_1030_MTG_layer1_BCH6,i6_i44_GPR149_Vip.Mybpc1,09,09. i6_i44_GPR149_Vip.Mybpc1
F01_1_Nuclei_NeuNP_H200_1025_MTG_layer1_BCH6,i6_i44_GPR149_Vip.Mybpc1,09,09. i6_i44_GPR149_Vip.Mybpc1
F02_1_Nuclei_NeuNP_H200_1025_MTG_layer1_BCH7,i6_i44_GPR149_Vip.Mybpc1,09,09. i6_i44_GPR149_Vip.Mybpc1
F05_BCH1_1NeuNP_H200.1025_MTG_layer_1,i6_i44_GPR149_Vip.Mybpc1,09,09. i6_i44_GPR149_Vip.Mybpc1
G11_1_Nuclei_NeuNP_H200_1025_MTG_layer1_BCH9,i6_i44_GPR149_Vip.Mybpc1,09,09. i6_i44_GPR149_Vip.Mybpc1
G17_BCH1_1NeuNP_H200.1030_MTG_layer_1,i6_i44_GPR149_Vip.Mybpc1,09,09. i6_i44_GPR149_Vip.Mybpc1
G19_BCH3_1NeuNP_H200.1025_MTG_Layer_1,i6_i44_GPR149_Vip.Mybpc1,09,09. i6_i44_GPR149_Vip.Mybpc1
H01_BCH1_1NeuNP_H200.1025_MTG_layer_1,i6_i44_GPR149_Vip.Mybpc1,09,09. i6_i44_GPR149_Vip.Mybpc1
H02_BCH1_1NeuNP_H200.1025_MTG_layer_1,i6_i44_GPR149_Vip.Mybpc1,09,09. i6_i44_GPR149_Vip.Mybpc1
I07_BCH1_1NeuNP_H200.1025_MTG_layer_1,i6_i44_GPR149_Vip.Mybpc1,09,09. i6_i44_GPR149_Vip.Mybpc1
I22_BCH1_1NeuNP_H200.1030_MTG_layer_1,i6_i44_GPR149_Vip.Mybpc1,09,09. i6_i44_GPR149_Vip.Mybpc1
K07_1_Nuclei_NeuNP_H200_1025_MTG_layer1_BCH9,i6_i44_GPR149_Vip.Mybpc1,09,09. i6_i44_GPR149_Vip.Mybpc1
K19_BCH3_1NeuNP_H200.1025_MTG_Layer_1,i6_i44_GPR149_Vip.Mybpc1,09,09. i6_i44_GPR149_Vip.Mybpc1
K20_1_Nuclei_NeuNP_H200_1030_MTG_layer1_BCH5,i6_i44_GPR149_Vip.Mybpc1,09,09. i6_i44_GPR149_Vip.Mybpc1
K20_1_Nuclei_NeuNP_H200_1030_MTG_layer1_BCH6,i6_i44_GPR149_Vip.Mybpc1,09,09. i6_i44_GPR149_Vip.Mybpc1
L01_BCH1_1NeuNP_H200.1025_MTG_layer_1,i6_i44_GPR149_Vip.Mybpc1,09,09. i6_i44_GPR149_Vip.Mybpc1
L02_BCH1_1NeuNP_H200.1025_MTG_layer_1,i6_i44_GPR149_Vip.Mybpc1,09,09. i6_i44_GPR149_Vip.Mybpc1
L03_BCH1_1NeuNP_H200.1025_MTG_layer_1,i6_i44_GPR149_Vip.Mybpc1,09,09. i6_i44_GPR149_Vip.Mybpc1
L12_1_Nuclei_NeuNP_H200_1025_MTG_layer1_BCH7,i6_i44_GPR149_Vip.Mybpc1,09,09. i6_i44_GPR149_Vip.Mybpc1
M21_1_Nuclei_NeuNP_H200_1030_MTG_layer1_BCH5,i6_i44_GPR149_Vip.Mybpc1,09,09. i6_i44_GPR149_Vip.Mybpc1
N02_1_Nuclei_NeuNP_H200_1025_MTG_layer1_BCH7,i6_i44_GPR149_Vip.Mybpc1,09,09. i6_i44_GPR149_Vip.Mybpc1
N04_BCH1_1NeuNP_H200.1025_MTG_layer_1,i6_i44_GPR149_Vip.Mybpc1,09,09. i6_i44_GPR149_Vip.Mybpc1
N10_1_Nuclei_NeuNP_H200_1025_MTG_layer1_BCH6,i6_i44_GPR149_Vip.Mybpc1,09,09. i6_i44_GPR149_Vip.Mybpc1
A17_1_Nuclei_NeuNP_H200_1030_MTG_layer1_BCH7,i7_i31_CLMP_Ndnf.Cxcl14,01,01. i7_i31_CLMP_Ndnf.Cxcl14
A23_1_Nuclei_NeuNP_H200_1030_MTG_layer1_BCH5,i7_i31_CLMP_Ndnf.Cxcl14,01,01. i7_i31_CLMP_Ndnf.Cxcl14
C05_BCH1_1NeuNP_H200.1025_MTG_layer_1,i7_i31_CLMP_Ndnf.Cxcl14,01,01. i7_i31_CLMP_Ndnf.Cxcl14
C06_BCH3_1NeuNP_H200.1030_MTG_Layer_1,i7_i31_CLMP_Ndnf.Cxcl14,01,01. i7_i31_CLMP_Ndnf.Cxcl14
C15_1_Nuclei_NeuNP_H200_1030_MTG_layer1_BCH5,i7_i31_CLMP_Ndnf.Cxcl14,01,01. i7_i31_CLMP_Ndnf.Cxcl14
C15_1_Nuclei_NeuNP_H200_1030_MTG_layer1_BCH6,i7_i31_CLMP_Ndnf.Cxcl14,01,01. i7_i31_CLMP_Ndnf.Cxcl14
C17_1_Nuclei_NeuNP_H200_1030_MTG_layer1_BCH5,i7_i31_CLMP_Ndnf.Cxcl14,01,01. i7_i31_CLMP_Ndnf.Cxcl14
C20_BCH1_1NeuNP_H200.1030_MTG_layer_1,i7_i31_CLMP_Ndnf.Cxcl14,01,01. i7_i31_CLMP_Ndnf.Cxcl14
D05_1_Nuclei_NeuNP_H200_1025_MTG_layer1_BCH7,i7_i31_CLMP_Ndnf.Cxcl14,01,01. i7_i31_CLMP_Ndnf.Cxcl14
D08_1_Nuclei_NeuNP_H200_1025_MTG_layer1_BCH7,i7_i31_CLMP_Ndnf.Cxcl14,01,01. i7_i31_CLMP_Ndnf.Cxcl14
E19_1_Nuclei_NeuNP_H200_1030_MTG_layer1_BCH5,i7_i31_CLMP_Ndnf.Cxcl14,01,01. i7_i31_CLMP_Ndnf.Cxcl14
F04_1_Nuclei_NeuNP_H200_1030_MTG_layer1_BCH8,i7_i31_CLMP_Ndnf.Cxcl14,01,01. i7_i31_CLMP_Ndnf.Cxcl14
F05_1_Nuclei_NeuNP_H200_1025_MTG_layer1_BCH7,i7_i31_CLMP_Ndnf.Cxcl14,01,01. i7_i31_CLMP_Ndnf.Cxcl14
F05_1_Nuclei_NeuNP_H200_1025_MTG_layer1_BCH9,i7_i31_CLMP_Ndnf.Cxcl14,01,01. i7_i31_CLMP_Ndnf.Cxcl14
F06_1_Nuclei_NeuNP_H200_1025_MTG_layer1_BCH9,i7_i31_CLMP_Ndnf.Cxcl14,01,01. i7_i31_CLMP_Ndnf.Cxcl14
F07_1_Nuclei_NeuNP_H200_1030_MTG_layer1_BCH8,i7_i31_CLMP_Ndnf.Cxcl14,01,01. i7_i31_CLMP_Ndnf.Cxcl14
G13_BCH1_1NeuNP_H200.1030_MTG_layer_1,i7_i31_CLMP_Ndnf.Cxcl14,01,01. i7_i31_CLMP_Ndnf.Cxcl14
H06_1_Nuclei_NeuNP_H200_1030_MTG_layer1_BCH8,i7_i31_CLMP_Ndnf.Cxcl14,01,01. i7_i31_CLMP_Ndnf.Cxcl14
I02_BCH3_1NeuNP_H200.1030_MTG_Layer_1,i7_i31_CLMP_Ndnf.Cxcl14,01,01. i7_i31_CLMP_Ndnf.Cxcl14
I05_BCH3_1NeuNP_H200.1030_MTG_Layer_1,i7_i31_CLMP_Ndnf.Cxcl14,01,01. i7_i31_CLMP_Ndnf.Cxcl14
I16_1_Nuclei_NeuNP_H200_1030_MTG_layer1_BCH6,i7_i31_CLMP_Ndnf.Cxcl14,01,01. i7_i31_CLMP_Ndnf.Cxcl14
I24_BCH1_1NeuNP_H200.1030_MTG_layer_1,i7_i31_CLMP_Ndnf.Cxcl14,01,01. i7_i31_CLMP_Ndnf.Cxcl14
J05_1_Nuclei_NeuNP_H200_1025_MTG_layer1_BCH9,i7_i31_CLMP_Ndnf.Cxcl14,01,01. i7_i31_CLMP_Ndnf.Cxcl14
J08_1_Nuclei_NeuNP_H200_1025_MTG_layer1_BCH6,i7_i31_CLMP_Ndnf.Cxcl14,01,01. i7_i31_CLMP_Ndnf.Cxcl14
K02_BCH3_1NeuNP_H200.1030_MTG_Layer_1,i7_i31_CLMP_Ndnf.Cxcl14,01,01. i7_i31_CLMP_Ndnf.Cxcl14
K04_BCH3_1NeuNP_H200.1030_MTG_Layer_1,i7_i31_CLMP_Ndnf.Cxcl14,01,01. i7_i31_CLMP_Ndnf.Cxcl14
K19_1_Nuclei_NeuNP_H200_1030_MTG_layer1_BCH6,i7_i31_CLMP_Ndnf.Cxcl14,01,01. i7_i31_CLMP_Ndnf.Cxcl14
K24_BCH1_1NeuNP_H200.1030_MTG_layer_1,i7_i31_CLMP_Ndnf.Cxcl14,01,01. i7_i31_CLMP_Ndnf.Cxcl14
K24_BCH3_1NeuNP_H200.1025_MTG_Layer_1,i7_i31_CLMP_Ndnf.Cxcl14,01,01. i7_i31_CLMP_Ndnf.Cxcl14
M04_1_Nuclei_NeuNP_H200_1025_MTG_layer1_BCH9,i7_i31_CLMP_Ndnf.Cxcl14,01,01. i7_i31_CLMP_Ndnf.Cxcl14
M16_1_Nuclei_NeuNP_H200_1030_MTG_layer1_BCH5,i7_i31_CLMP_Ndnf.Cxcl14,01,01. i7_i31_CLMP_Ndnf.Cxcl14
A22_BCH3_1NeuNP_H200.1025_MTG_Layer_1,i8_i27_SNCG_Vip.Mybpc1,10,10. i8_i27_SNCG_Vip.Mybpc1
B05_1_Nuclei_NeuNP_H200_1025_MTG_layer1_BCH9,i8_i27_SNCG_Vip.Mybpc1,10,10. i8_i27_SNCG_Vip.Mybpc1
B06_1_Nuclei_NeuNP_H200_1025_MTG_layer1_BCH9,i8_i27_SNCG_Vip.Mybpc1,10,10. i8_i27_SNCG_Vip.Mybpc1
B08_1_Nuclei_NeuNP_H200_1025_MTG_layer1_BCH9,i8_i27_SNCG_Vip.Mybpc1,10,10. i8_i27_SNCG_Vip.Mybpc1
B12_1_Nuclei_NeuNP_H200_1025_MTG_layer1_BCH7,i8_i27_SNCG_Vip.Mybpc1,10,10. i8_i27_SNCG_Vip.Mybpc1
C02_1_Nuclei_NeuNP_H200_1025_MTG_layer1_BCH9,i8_i27_SNCG_Vip.Mybpc1,10,10. i8_i27_SNCG_Vip.Mybpc1
C02_BCH1_1NeuNP_H200.1025_MTG_layer_1,i8_i27_SNCG_Vip.Mybpc1,10,10. i8_i27_SNCG_Vip.Mybpc1
C08_BCH1_1NeuNP_H200.1025_MTG_layer_1,i8_i27_SNCG_Vip.Mybpc1,10,10. i8_i27_SNCG_Vip.Mybpc1
C13_BCH3_1NeuNP_H200.1025_MTG_Layer_1,i8_i27_SNCG_Vip.Mybpc1,10,10. i8_i27_SNCG_Vip.Mybpc1
C22_BCH3_1NeuNP_H200.1025_MTG_Layer_1,i8_i27_SNCG_Vip.Mybpc1,10,10. i8_i27_SNCG_Vip.Mybpc1
C24_BCH3_1NeuNP_H200.1025_MTG_Layer_1,i8_i27_SNCG_Vip.Mybpc1,10,10. i8_i27_SNCG_Vip.Mybpc1
D10_BCH1_1NeuNP_H200.1025_MTG_layer_1,i8_i27_SNCG_Vip.Mybpc1,10,10. i8_i27_SNCG_Vip.Mybpc1
D12_1_Nuclei_NeuNP_H200_1025_MTG_layer1_BCH7,i8_i27_SNCG_Vip.Mybpc1,10,10. i8_i27_SNCG_Vip.Mybpc1
E23_1_Nuclei_NeuNP_H200_1030_MTG_layer1_BCH6,i8_i27_SNCG_Vip.Mybpc1,10,10. i8_i27_SNCG_Vip.Mybpc1
F06_BCH1_1NeuNP_H200.1025_MTG_layer_1,i8_i27_SNCG_Vip.Mybpc1,10,10. i8_i27_SNCG_Vip.Mybpc1
G14_1_Nuclei_NeuNP_H200_1030_MTG_layer1_BCH7,i8_i27_SNCG_Vip.Mybpc1,10,10. i8_i27_SNCG_Vip.Mybpc1
G18_1_Nuclei_NeuNP_H200_1030_MTG_layer1_BCH5,i8_i27_SNCG_Vip.Mybpc1,10,10. i8_i27_SNCG_Vip.Mybpc1
G23_BCH3_1NeuNP_H200.1025_MTG_Layer_1,i8_i27_SNCG_Vip.Mybpc1,10,10. i8_i27_SNCG_Vip.Mybpc1
H11_1_Nuclei_NeuNP_H200_1025_MTG_layer1_BCH9,i8_i27_SNCG_Vip.Mybpc1,10,10. i8_i27_SNCG_Vip.Mybpc1
I13_BCH1_1NeuNP_H200.1030_MTG_layer_1,i8_i27_SNCG_Vip.Mybpc1,10,10. i8_i27_SNCG_Vip.Mybpc1
I16_BCH1_1NeuNP_H200.1030_MTG_layer_1,i8_i27_SNCG_Vip.Mybpc1,10,10. i8_i27_SNCG_Vip.Mybpc1
I22_1_Nuclei_NeuNP_H200_1030_MTG_layer1_BCH5,i8_i27_SNCG_Vip.Mybpc1,10,10. i8_i27_SNCG_Vip.Mybpc1
J05_1_Nuclei_NeuNP_H200_1025_MTG_layer1_BCH7,i8_i27_SNCG_Vip.Mybpc1,10,10. i8_i27_SNCG_Vip.Mybpc1
J10_1_Nuclei_NeuNP_H200_1025_MTG_layer1_BCH7,i8_i27_SNCG_Vip.Mybpc1,10,10. i8_i27_SNCG_Vip.Mybpc1
K06_BCH1_1NeuNP_H200.1025_MTG_layer_1,i8_i27_SNCG_Vip.Mybpc1,10,10. i8_i27_SNCG_Vip.Mybpc1
M07_BCH3_1NeuNP_H200.1030_MTG_Layer_1,i8_i27_SNCG_Vip.Mybpc1,10,10. i8_i27_SNCG_Vip.Mybpc1
N11_1_Nuclei_NeuNP_H200_1025_MTG_layer1_BCH7,i8_i27_SNCG_Vip.Mybpc1,10,10. i8_i27_SNCG_Vip.Mybpc1
B06_BCH1_1NeuNP_H200.1025_MTG_layer_1,i9_i22_TAC3_Vip.Mybpc1,08,08. i9_i22_TAC3_Vip.Mybpc1
B10_1_Nuclei_NeuNP_H200_1025_MTG_layer1_BCH6,i9_i22_TAC3_Vip.Mybpc1,08,08. i9_i22_TAC3_Vip.Mybpc1
B11_BCH1_1NeuNP_H200.1025_MTG_layer_1,i9_i22_TAC3_Vip.Mybpc1,08,08. i9_i22_TAC3_Vip.Mybpc1
B12_BCH1_1NeuNP_H200.1025_MTG_layer_1,i9_i22_TAC3_Vip.Mybpc1,08,08. i9_i22_TAC3_Vip.Mybpc1
C01_1_Nuclei_NeuNP_H200_1025_MTG_layer1_BCH9,i9_i22_TAC3_Vip.Mybpc1,08,08. i9_i22_TAC3_Vip.Mybpc1
C03_BCH1_1NeuNP_H200.1025_MTG_layer_1,i9_i22_TAC3_Vip.Mybpc1,08,08. i9_i22_TAC3_Vip.Mybpc1
C04_BCH3_1NeuNP_H200.1030_MTG_Layer_1,i9_i22_TAC3_Vip.Mybpc1,08,08. i9_i22_TAC3_Vip.Mybpc1
D02_1_Nuclei_NeuNP_H200_1030_MTG_layer1_BCH8,i9_i22_TAC3_Vip.Mybpc1,08,08. i9_i22_TAC3_Vip.Mybpc1
D02_BCH1_1NeuNP_H200.1025_MTG_layer_1,i9_i22_TAC3_Vip.Mybpc1,08,08. i9_i22_TAC3_Vip.Mybpc1
D09_1_Nuclei_NeuNP_H200_1025_MTG_layer1_BCH7,i9_i22_TAC3_Vip.Mybpc1,08,08. i9_i22_TAC3_Vip.Mybpc1
D11_1_Nuclei_NeuNP_H200_1025_MTG_layer1_BCH9,i9_i22_TAC3_Vip.Mybpc1,08,08. i9_i22_TAC3_Vip.Mybpc1
G16_BCH1_1NeuNP_H200.1030_MTG_layer_1,i9_i22_TAC3_Vip.Mybpc1,08,08. i9_i22_TAC3_Vip.Mybpc1
I13_1_Nuclei_NeuNP_H200_1030_MTG_layer1_BCH7,i9_i22_TAC3_Vip.Mybpc1,08,08. i9_i22_TAC3_Vip.Mybpc1
I21_1_Nuclei_NeuNP_H200_1030_MTG_layer1_BCH6,i9_i22_TAC3_Vip.Mybpc1,08,08. i9_i22_TAC3_Vip.Mybpc1
I22_BCH3_1NeuNP_H200.1025_MTG_Layer_1,i9_i22_TAC3_Vip.Mybpc1,08,08. i9_i22_TAC3_Vip.Mybpc1
J06_1_Nuclei_NeuNP_H200_1025_MTG_layer1_BCH6,i9_i22_TAC3_Vip.Mybpc1,08,08. i9_i22_TAC3_Vip.Mybpc1
K03_BCH3_1NeuNP_H200.1030_MTG_Layer_1,i9_i22_TAC3_Vip.Mybpc1,08,08. i9_i22_TAC3_Vip.Mybpc1
K15_1_Nuclei_NeuNP_H200_1030_MTG_layer1_BCH7,i9_i22_TAC3_Vip.Mybpc1,08,08. i9_i22_TAC3_Vip.Mybpc1
L08_1_Nuclei_NeuNP_H200_1025_MTG_layer1_BCH6,i9_i22_TAC3_Vip.Mybpc1,08,08. i9_i22_TAC3_Vip.Mybpc1
L12_1_Nuclei_NeuNP_H200_1025_MTG_layer1_BCH6,i9_i22_TAC3_Vip.Mybpc1,08,08. i9_i22_TAC3_Vip.Mybpc1
M06_BCH3_1NeuNP_H200.1030_MTG_Layer_1,i9_i22_TAC3_Vip.Mybpc1,08,08. i9_i22_TAC3_Vip.Mybpc1
N08_1_Nuclei_NeuNP_H200_1030_MTG_layer1_BCH8,i9_i22_TAC3_Vip.Mybpc1,08,08. i9_i22_TAC3_Vip.Mybpc1
